title,itinerary,cabin,segments,xp_total,price_eur,eur_per_xp,travel_dates,carrier,notes,pubdate_utc
DUS-HEL (Economy),DUS-HEL,Economy,4,20,230.75,11.54,2025-11-24 to 2025-12-05,SkyTeam,unfiltered,2025-11-04T08:38:43Z
DUS-HEL (Economy),DUS-HEL,Economy,4,20,230.75,11.54,2025-11-24 to 2025-12-05,SkyTeam,unfiltered,2025-11-04T08:38:43Z
DUS-HEL (Economy),DUS-HEL,Economy,4,20,230.75,11.54,2025-11-24 to 2025-12-05,SkyTeam,unfiltered,2025-11-04T08:38:43Z
DUS-HEL (Economy),DUS-HEL,Economy,4,20,230.75,11.54,2025-11-24 to 2025-12-05,SkyTeam,unfiltered,2025-11-04T08:38:43Z
DUS-HEL (Economy),DUS-HEL,Economy,4,20,230.75,11.54,2025-11-24 to 2025-12-05,SkyTeam,unfiltered,2025-11-04T08:38:43Z
DUS-HEL (Economy),DUS-HEL,Economy,4,20,230.75,11.54,2025-11-24 to 2025-12-05,SkyTeam,unfiltered,2025-11-04T08:38:43Z
DUS-HEL (Economy),DUS-HEL,Economy,4,20,230.75,11.54,2025-11-26 to 2025-12-05,SkyTeam,unfiltered,2025-11-04T08:38:59Z
DUS-HEL (Economy),DUS-HEL,Economy,4,20,230.75,11.54,2025-11-26 to 2025-12-05,SkyTeam,unfiltered,2025-11-04T08:38:59Z
DUS-HEL (Economy),DUS-HEL,Economy,4,20,230.75,11.54,2025-11-26 to 2025-12-05,SkyTeam,unfiltered,2025-11-04T08:38:59Z
DUS-HEL (Economy),DUS-HEL,Economy,4,20,230.75,11.54,2025-11-26 to 2025-12-05,SkyTeam,unfiltered,2025-11-04T08:38:59Z
DUS-HEL (Economy),DUS-HEL,Economy,4,20,230.75,11.54,2025-11-27 to 2025-12-05,SkyTeam,unfiltered,2025-11-04T08:39:08Z
DUS-HEL (Economy),DUS-HEL,Economy,4,20,230.75,11.54,2025-11-27 to 2025-12-05,SkyTeam,unfiltered,2025-11-04T08:39:08Z
DUS-HEL (Economy),DUS-HEL,Economy,4,20,230.75,11.54,2025-11-27 to 2025-12-05,SkyTeam,unfiltered,2025-11-04T08:39:08Z
DUS-HEL (Economy),DUS-HEL,Economy,4,20,230.75,11.54,2025-11-27 to 2025-12-05,SkyTeam,unfiltered,2025-11-04T08:39:08Z
DUS-HEL (Economy),DUS-HEL,Economy,4,20,230.75,11.54,2025-11-28 to 2025-12-05,SkyTeam,unfiltered,2025-11-04T08:39:16Z
DUS-HEL (Economy),DUS-HEL,Economy,4,20,230.75,11.54,2025-11-28 to 2025-12-05,SkyTeam,unfiltered,2025-11-04T08:39:16Z
DUS-HEL (Economy),DUS-HEL,Economy,4,20,230.75,11.54,2025-11-28 to 2025-12-05,SkyTeam,unfiltered,2025-11-04T08:39:16Z
DUS-HEL (Economy),DUS-HEL,Economy,4,20,230.75,11.54,2025-11-28 to 2025-12-05,SkyTeam,unfiltered,2025-11-04T08:39:16Z
DUS-HEL (Economy),DUS-HEL,Economy,4,20,230.75,11.54,2025-11-28 to 2025-12-05,SkyTeam,unfiltered,2025-11-04T08:39:16Z
DUS-HEL (Economy),DUS-HEL,Economy,4,20,230.75,11.54,2025-11-28 to 2025-12-05,SkyTeam,unfiltered,2025-11-04T08:39:16Z
DUS-HEL (Economy),DUS-HEL,Economy,4,20,243.75,12.19,2025-11-24 to 2025-12-05,SkyTeam,unfiltered,2025-11-04T08:38:43Z
DUS-HEL (Economy),DUS-HEL,Economy,4,20,243.75,12.19,2025-11-24 to 2025-12-05,SkyTeam,unfiltered,2025-11-04T08:38:43Z
DUS-HEL (Economy),DUS-HEL,Economy,4,20,243.75,12.19,2025-11-24 to 2025-12-05,SkyTeam,unfiltered,2025-11-04T08:38:43Z
DUS-HEL (Economy),DUS-HEL,Economy,4,20,243.75,12.19,2025-11-24 to 2025-12-05,SkyTeam,unfiltered,2025-11-04T08:38:43Z
DUS-HEL (Economy),DUS-HEL,Economy,4,20,243.75,12.19,2025-11-24 to 2025-12-05,SkyTeam,unfiltered,2025-11-04T08:38:43Z
DUS-HEL (Economy),DUS-HEL,Economy,4,20,243.75,12.19,2025-11-24 to 2025-12-05,SkyTeam,unfiltered,2025-11-04T08:38:43Z
DUS-HEL (Economy),DUS-HEL,Economy,4,20,243.75,12.19,2025-11-24 to 2025-12-05,SkyTeam,unfiltered,2025-11-04T08:38:43Z
DUS-HEL (Economy),DUS-HEL,Economy,4,20,243.75,12.19,2025-11-25 to 2025-12-05,SkyTeam,unfiltered,2025-11-04T08:38:51Z
DUS-HEL (Economy),DUS-HEL,Economy,4,20,243.75,12.19,2025-11-25 to 2025-12-05,SkyTeam,unfiltered,2025-11-04T08:38:51Z
DUS-HEL (Economy),DUS-HEL,Economy,4,20,243.75,12.19,2025-11-25 to 2025-12-05,SkyTeam,unfiltered,2025-11-04T08:38:51Z
DUS-HEL (Economy),DUS-HEL,Economy,4,20,243.75,12.19,2025-11-25 to 2025-12-05,SkyTeam,unfiltered,2025-11-04T08:38:51Z
DUS-HEL (Economy),DUS-HEL,Economy,4,20,243.75,12.19,2025-11-25 to 2025-12-05,SkyTeam,unfiltered,2025-11-04T08:38:51Z
DUS-HEL (Economy),DUS-HEL,Economy,4,20,243.75,12.19,2025-11-25 to 2025-12-05,SkyTeam,unfiltered,2025-11-04T08:38:51Z
DUS-HEL (Economy),DUS-HEL,Economy,4,20,243.75,12.19,2025-11-25 to 2025-12-05,SkyTeam,unfiltered,2025-11-04T08:38:51Z
DUS-HEL (Economy),DUS-HEL,Economy,4,20,243.75,12.19,2025-11-25 to 2025-12-05,SkyTeam,unfiltered,2025-11-04T08:38:51Z
DUS-HEL (Economy),DUS-HEL,Economy,4,20,243.75,12.19,2025-11-25 to 2025-12-05,SkyTeam,unfiltered,2025-11-04T08:38:51Z
DUS-HEL (Economy),DUS-HEL,Economy,4,20,243.75,12.19,2025-11-25 to 2025-12-05,SkyTeam,unfiltered,2025-11-04T08:38:51Z
DUS-HEL (Economy),DUS-HEL,Economy,4,20,243.75,12.19,2025-11-25 to 2025-12-05,SkyTeam,unfiltered,2025-11-04T08:38:51Z
DUS-HEL (Economy),DUS-HEL,Economy,4,20,243.75,12.19,2025-11-25 to 2025-12-05,SkyTeam,unfiltered,2025-11-04T08:38:51Z
DUS-HEL (Economy),DUS-HEL,Economy,4,20,243.75,12.19,2025-11-25 to 2025-12-05,SkyTeam,unfiltered,2025-11-04T08:38:51Z
DUS-HEL (Economy),DUS-HEL,Economy,4,20,243.75,12.19,2025-11-26 to 2025-12-05,SkyTeam,unfiltered,2025-11-04T08:38:59Z
DUS-HEL (Economy),DUS-HEL,Economy,4,20,243.75,12.19,2025-11-26 to 2025-12-05,SkyTeam,unfiltered,2025-11-04T08:38:59Z
DUS-HEL (Economy),DUS-HEL,Economy,4,20,243.75,12.19,2025-11-26 to 2025-12-05,SkyTeam,unfiltered,2025-11-04T08:38:59Z
DUS-HEL (Economy),DUS-HEL,Economy,4,20,243.75,12.19,2025-11-26 to 2025-12-05,SkyTeam,unfiltered,2025-11-04T08:38:59Z
DUS-HEL (Economy),DUS-HEL,Economy,4,20,243.75,12.19,2025-11-26 to 2025-12-05,SkyTeam,unfiltered,2025-11-04T08:38:59Z
DUS-HEL (Economy),DUS-HEL,Economy,4,20,243.75,12.19,2025-11-26 to 2025-12-05,SkyTeam,unfiltered,2025-11-04T08:38:59Z
DUS-HEL (Economy),DUS-HEL,Economy,4,20,243.75,12.19,2025-11-26 to 2025-12-05,SkyTeam,unfiltered,2025-11-04T08:38:59Z
DUS-HEL (Economy),DUS-HEL,Economy,4,20,243.75,12.19,2025-11-26 to 2025-12-05,SkyTeam,unfiltered,2025-11-04T08:38:59Z
DUS-HEL (Economy),DUS-HEL,Economy,4,20,243.75,12.19,2025-11-26 to 2025-12-05,SkyTeam,unfiltered,2025-11-04T08:38:59Z
DUS-HEL (Economy),DUS-HEL,Economy,4,20,243.75,12.19,2025-11-27 to 2025-12-05,SkyTeam,unfiltered,2025-11-04T08:39:08Z
DUS-HEL (Economy),DUS-HEL,Economy,4,20,243.75,12.19,2025-11-27 to 2025-12-05,SkyTeam,unfiltered,2025-11-04T08:39:08Z
DUS-HEL (Economy),DUS-HEL,Economy,4,20,243.75,12.19,2025-11-27 to 2025-12-05,SkyTeam,unfiltered,2025-11-04T08:39:08Z
DUS-HEL (Economy),DUS-HEL,Economy,4,20,243.75,12.19,2025-11-27 to 2025-12-05,SkyTeam,unfiltered,2025-11-04T08:39:08Z
DUS-HEL (Economy),DUS-HEL,Economy,4,20,243.75,12.19,2025-11-28 to 2025-12-05,SkyTeam,unfiltered,2025-11-04T08:39:16Z
DUS-HEL (Economy),DUS-HEL,Economy,4,20,243.75,12.19,2025-11-28 to 2025-12-05,SkyTeam,unfiltered,2025-11-04T08:39:16Z
DUS-HEL (Economy),DUS-HEL,Economy,4,20,256.75,12.84,2025-11-27 to 2025-12-05,SkyTeam,unfiltered,2025-11-04T08:39:08Z
DUS-HEL (Economy),DUS-HEL,Economy,4,20,256.75,12.84,2025-11-27 to 2025-12-05,SkyTeam,unfiltered,2025-11-04T08:39:08Z
DUS-HEL (Economy),DUS-HEL,Economy,4,20,256.75,12.84,2025-11-27 to 2025-12-05,SkyTeam,unfiltered,2025-11-04T08:39:08Z
DUS-HEL (Economy),DUS-HEL,Economy,4,20,256.75,12.84,2025-11-27 to 2025-12-05,SkyTeam,unfiltered,2025-11-04T08:39:08Z
DUS-HEL (Economy),DUS-HEL,Economy,4,20,256.75,12.84,2025-11-27 to 2025-12-05,SkyTeam,unfiltered,2025-11-04T08:39:08Z
DUS-HEL (Economy),DUS-HEL,Economy,4,20,256.75,12.84,2025-11-28 to 2025-12-05,SkyTeam,unfiltered,2025-11-04T08:39:16Z
DUS-HEL (Economy),DUS-HEL,Economy,4,20,256.75,12.84,2025-11-28 to 2025-12-05,SkyTeam,unfiltered,2025-11-04T08:39:16Z
DUS-HEL (Economy),DUS-HEL,Economy,4,20,256.75,12.84,2025-11-28 to 2025-12-05,SkyTeam,unfiltered,2025-11-04T08:39:16Z
DUS-HEL (Economy),DUS-HEL,Economy,4,20,256.75,12.84,2025-11-28 to 2025-12-05,SkyTeam,unfiltered,2025-11-04T08:39:16Z
DUS-HEL (Economy),DUS-HEL,Economy,4,20,256.75,12.84,2025-11-28 to 2025-12-05,SkyTeam,unfiltered,2025-11-04T08:39:16Z
DUS-HEL (Economy),DUS-HEL,Economy,4,20,284.75,14.24,2025-11-24 to 2025-12-05,SkyTeam,unfiltered,2025-11-04T08:38:43Z
DUS-HEL (Economy),DUS-HEL,Economy,4,20,290.75,14.54,2025-11-24 to 2025-12-05,SkyTeam,unfiltered,2025-11-04T08:38:43Z
DUS-HEL (Economy),DUS-HEL,Economy,4,20,290.75,14.54,2025-11-24 to 2025-12-05,SkyTeam,unfiltered,2025-11-04T08:38:43Z
DUS-HEL (Economy),DUS-HEL,Economy,4,20,296.75,14.84,2025-11-25 to 2025-12-05,SkyTeam,unfiltered,2025-11-04T08:38:51Z
DUS-HEL (Economy),DUS-HEL,Economy,4,20,296.75,14.84,2025-11-25 to 2025-12-05,SkyTeam,unfiltered,2025-11-04T08:38:51Z
DUS-HEL (Economy),DUS-HEL,Economy,4,20,296.75,14.84,2025-11-25 to 2025-12-05,SkyTeam,unfiltered,2025-11-04T08:38:51Z
DUS-HEL (Economy),DUS-HEL,Economy,4,20,296.75,14.84,2025-11-26 to 2025-12-05,SkyTeam,unfiltered,2025-11-04T08:38:59Z
DUS-HEL (Economy),DUS-HEL,Economy,4,20,296.75,14.84,2025-11-26 to 2025-12-05,SkyTeam,unfiltered,2025-11-04T08:38:59Z
DUS-HEL (Economy),DUS-HEL,Economy,4,20,296.75,14.84,2025-11-27 to 2025-12-05,SkyTeam,unfiltered,2025-11-04T08:39:08Z
DUS-HEL (Economy),DUS-HEL,Economy,4,20,296.75,14.84,2025-11-28 to 2025-12-05,SkyTeam,unfiltered,2025-11-04T08:39:16Z
DUS-HEL (Economy),DUS-HEL,Economy,4,20,302.75,15.14,2025-11-25 to 2025-12-05,SkyTeam,unfiltered,2025-11-04T08:38:51Z
DUS-HEL (Economy),DUS-HEL,Economy,4,20,302.75,15.14,2025-11-25 to 2025-12-05,SkyTeam,unfiltered,2025-11-04T08:38:51Z
DUS-HEL (Economy),DUS-HEL,Economy,4,20,302.75,15.14,2025-11-25 to 2025-12-05,SkyTeam,unfiltered,2025-11-04T08:38:51Z
DUS-HEL (Economy),DUS-HEL,Economy,4,20,302.75,15.14,2025-11-25 to 2025-12-05,SkyTeam,unfiltered,2025-11-04T08:38:51Z
DUS-HEL (Economy),DUS-HEL,Economy,4,20,302.75,15.14,2025-11-25 to 2025-12-05,SkyTeam,unfiltered,2025-11-04T08:38:51Z
DUS-HEL (Economy),DUS-HEL,Economy,4,20,302.75,15.14,2025-11-25 to 2025-12-05,SkyTeam,unfiltered,2025-11-04T08:38:51Z
DUS-HEL (Economy),DUS-HEL,Economy,4,20,302.75,15.14,2025-11-26 to 2025-12-05,SkyTeam,unfiltered,2025-11-04T08:38:59Z
DUS-HEL (Economy),DUS-HEL,Economy,4,20,302.75,15.14,2025-11-26 to 2025-12-05,SkyTeam,unfiltered,2025-11-04T08:38:59Z
DUS-HEL (Economy),DUS-HEL,Economy,4,20,302.75,15.14,2025-11-26 to 2025-12-05,SkyTeam,unfiltered,2025-11-04T08:38:59Z
DUS-HEL (Economy),DUS-HEL,Economy,4,20,302.75,15.14,2025-11-26 to 2025-12-05,SkyTeam,unfiltered,2025-11-04T08:38:59Z
DUS-HEL (Economy),DUS-HEL,Economy,4,20,302.75,15.14,2025-11-27 to 2025-12-05,SkyTeam,unfiltered,2025-11-04T08:39:08Z
DUS-HEL (Economy),DUS-HEL,Economy,4,20,302.75,15.14,2025-11-27 to 2025-12-05,SkyTeam,unfiltered,2025-11-04T08:39:08Z
DUS-HEL (Economy),DUS-HEL,Economy,4,20,302.75,15.14,2025-11-28 to 2025-12-05,SkyTeam,unfiltered,2025-11-04T08:39:16Z
DUS-HEL (Economy),DUS-HEL,Economy,4,20,302.75,15.14,2025-11-28 to 2025-12-05,SkyTeam,unfiltered,2025-11-04T08:39:16Z
DUS-HEL (Economy),DUS-HEL,Economy,4,20,310.75,15.54,2025-11-26 to 2025-12-05,SkyTeam,unfiltered,2025-11-04T08:38:59Z
DUS-HEL (Economy),DUS-HEL,Economy,4,20,310.75,15.54,2025-11-27 to 2025-12-05,SkyTeam,unfiltered,2025-11-04T08:39:08Z
DUS-HEL (Economy),DUS-HEL,Economy,4,20,310.75,15.54,2025-11-28 to 2025-12-05,SkyTeam,unfiltered,2025-11-04T08:39:16Z
DUS-HEL (Economy),DUS-HEL,Economy,4,20,316.75,15.84,2025-11-26 to 2025-12-05,SkyTeam,unfiltered,2025-11-04T08:38:59Z
DUS-HEL (Economy),DUS-HEL,Economy,4,20,316.75,15.84,2025-11-26 to 2025-12-05,SkyTeam,unfiltered,2025-11-04T08:38:59Z
DUS-HEL (Economy),DUS-HEL,Economy,4,20,316.75,15.84,2025-11-27 to 2025-12-05,SkyTeam,unfiltered,2025-11-04T08:39:08Z
DUS-HEL (Economy),DUS-HEL,Economy,4,20,316.75,15.84,2025-11-27 to 2025-12-05,SkyTeam,unfiltered,2025-11-04T08:39:08Z
DUS-HEL (Economy),DUS-HEL,Economy,4,20,316.75,15.84,2025-11-28 to 2025-12-05,SkyTeam,unfiltered,2025-11-04T08:39:16Z
DUS-HEL (Economy),DUS-HEL,Economy,4,20,316.75,15.84,2025-11-28 to 2025-12-05,SkyTeam,unfiltered,2025-11-04T08:39:16Z
DUS-HEL (Economy),DUS-HEL,Economy,4,20,325.75,16.29,2025-11-27 to 2025-12-05,SkyTeam,unfiltered,2025-11-04T08:39:08Z
DUS-HEL (Economy),DUS-HEL,Economy,4,20,331.75,16.59,2025-11-27 to 2025-12-05,SkyTeam,unfiltered,2025-11-04T08:39:08Z
DUS-HEL (Economy),DUS-HEL,Economy,4,20,331.75,16.59,2025-11-27 to 2025-12-05,SkyTeam,unfiltered,2025-11-04T08:39:08Z
DUS-HEL (Economy),DUS-HEL,Economy,4,20,337.75,16.89,2025-11-24 to 2025-12-05,SkyTeam,unfiltered,2025-11-04T08:38:43Z
AMS-HEL (Economy),AMS-HEL,Economy,4,20,339.79,16.99,2025-11-25 to 2025-12-05,SkyTeam,unfiltered,2025-11-04T08:36:38Z
AMS-HEL (Economy),AMS-HEL,Economy,4,20,339.79,16.99,2025-11-25 to 2025-12-05,SkyTeam,unfiltered,2025-11-04T08:36:38Z
AMS-HEL (Economy),AMS-HEL,Economy,4,20,339.79,16.99,2025-11-26 to 2025-12-05,SkyTeam,unfiltered,2025-11-04T08:36:48Z
AMS-HEL (Economy),AMS-HEL,Economy,4,20,339.79,16.99,2025-11-26 to 2025-12-05,SkyTeam,unfiltered,2025-11-04T08:36:48Z
AMS-HEL (Economy),AMS-HEL,Economy,4,20,339.79,16.99,2025-11-26 to 2025-12-05,SkyTeam,unfiltered,2025-11-04T08:36:48Z
DUS-HEL (Economy),DUS-HEL,Economy,4,20,343.75,17.19,2025-11-24 to 2025-12-05,SkyTeam,unfiltered,2025-11-04T08:38:43Z
DUS-HEL (Economy),DUS-HEL,Economy,4,20,343.75,17.19,2025-11-24 to 2025-12-05,SkyTeam,unfiltered,2025-11-04T08:38:43Z
DUS-HEL (Economy),DUS-HEL,Economy,4,20,343.75,17.19,2025-11-27 to 2025-12-05,SkyTeam,unfiltered,2025-11-04T08:39:08Z
DUS-HEL (Economy),DUS-HEL,Economy,4,20,349.75,17.49,2025-11-27 to 2025-12-05,SkyTeam,unfiltered,2025-11-04T08:39:08Z
DUS-HEL (Economy),DUS-HEL,Economy,4,20,349.75,17.49,2025-11-27 to 2025-12-05,SkyTeam,unfiltered,2025-11-04T08:39:08Z
AMS-HEL (Economy),AMS-HEL,Economy,4,20,357.79,17.89,2025-11-24 to 2025-12-05,SkyTeam,unfiltered,2025-11-04T08:36:28Z
AMS-HEL (Economy),AMS-HEL,Economy,4,20,357.79,17.89,2025-11-27 to 2025-12-05,SkyTeam,unfiltered,2025-11-04T08:36:58Z
AMS-HEL (Economy),AMS-HEL,Economy,4,20,357.79,17.89,2025-11-27 to 2025-12-05,SkyTeam,unfiltered,2025-11-04T08:36:58Z
AMS-HEL (Economy),AMS-HEL,Economy,4,20,357.79,17.89,2025-11-27 to 2025-12-05,SkyTeam,unfiltered,2025-11-04T08:36:58Z
AMS-HEL (Economy),AMS-HEL,Economy,4,20,359.13,17.96,2025-11-28 to 2025-12-05,SkyTeam,unfiltered,2025-11-04T08:37:10Z
DUS-TKU (Economy),DUS-TKU,Economy,6,30,542.19,18.07,2025-11-25 to 2025-12-05,SkyTeam,unfiltered,2025-11-04T08:39:44Z
DUS-HEL (Economy),DUS-HEL,Economy,4,20,365.75,18.29,2025-11-28 to 2025-12-05,SkyTeam,unfiltered,2025-11-04T08:39:16Z
DUS-HEL (Economy),DUS-HEL,Economy,4,20,371.75,18.59,2025-11-28 to 2025-12-05,SkyTeam,unfiltered,2025-11-04T08:39:16Z
DUS-HEL (Economy),DUS-HEL,Economy,4,20,371.75,18.59,2025-11-28 to 2025-12-05,SkyTeam,unfiltered,2025-11-04T08:39:16Z
DUS-TKU (Economy),DUS-TKU,Economy,6,30,564.19,18.81,2025-11-25 to 2025-12-05,SkyTeam,unfiltered,2025-11-04T08:39:44Z
AMS-HEL (Economy),AMS-HEL,Economy,4,20,377.79,18.89,2025-11-24 to 2025-12-05,SkyTeam,unfiltered,2025-11-04T08:36:28Z
AMS-HEL (Economy),AMS-HEL,Economy,4,20,377.79,18.89,2025-11-24 to 2025-12-05,SkyTeam,unfiltered,2025-11-04T08:36:28Z
AMS-HEL (Economy),AMS-HEL,Economy,4,20,377.79,18.89,2025-11-25 to 2025-12-05,SkyTeam,unfiltered,2025-11-04T08:36:38Z
AMS-HEL (Economy),AMS-HEL,Economy,4,20,377.79,18.89,2025-11-25 to 2025-12-05,SkyTeam,unfiltered,2025-11-04T08:36:38Z
AMS-HEL (Economy),AMS-HEL,Economy,4,20,377.79,18.89,2025-11-25 to 2025-12-05,SkyTeam,unfiltered,2025-11-04T08:36:38Z
AMS-HEL (Economy),AMS-HEL,Economy,4,20,377.79,18.89,2025-11-26 to 2025-12-05,SkyTeam,unfiltered,2025-11-04T08:36:48Z
AMS-HEL (Economy),AMS-HEL,Economy,4,20,377.79,18.89,2025-11-26 to 2025-12-05,SkyTeam,unfiltered,2025-11-04T08:36:48Z
AMS-HEL (Economy),AMS-HEL,Economy,4,20,377.79,18.89,2025-11-26 to 2025-12-05,SkyTeam,unfiltered,2025-11-04T08:36:48Z
AMS-HEL (Economy),AMS-HEL,Economy,4,20,377.79,18.89,2025-11-28 to 2025-12-05,SkyTeam,unfiltered,2025-11-04T08:37:10Z
AMS-HEL (Economy),AMS-HEL,Economy,4,20,377.79,18.89,2025-11-28 to 2025-12-05,SkyTeam,unfiltered,2025-11-04T08:37:10Z
AMS-HEL (Economy),AMS-HEL,Economy,4,20,379.1,18.96,2025-11-25 to 2025-12-05,SkyTeam,unfiltered,2025-11-04T08:36:38Z
AMS-HEL (Economy),AMS-HEL,Economy,4,20,379.1,18.96,2025-11-25 to 2025-12-05,SkyTeam,unfiltered,2025-11-04T08:36:38Z
AMS-HEL (Economy),AMS-HEL,Economy,4,20,379.1,18.96,2025-11-26 to 2025-12-05,SkyTeam,unfiltered,2025-11-04T08:36:48Z
AMS-HEL (Economy),AMS-HEL,Economy,4,20,379.1,18.96,2025-11-26 to 2025-12-05,SkyTeam,unfiltered,2025-11-04T08:36:48Z
AMS-HEL (Economy),AMS-HEL,Economy,4,20,379.1,18.96,2025-11-26 to 2025-12-05,SkyTeam,unfiltered,2025-11-04T08:36:48Z
DUS-HEL (Economy),DUS-HEL,Economy,4,20,391.75,19.59,2025-11-24 to 2025-12-05,SkyTeam,unfiltered,2025-11-04T08:38:43Z
AMS-HEL (Economy),AMS-HEL,Economy,4,20,395.79,19.79,2025-11-24 to 2025-12-05,SkyTeam,unfiltered,2025-11-04T08:36:28Z
AMS-HEL (Economy),AMS-HEL,Economy,4,20,395.79,19.79,2025-11-27 to 2025-12-05,SkyTeam,unfiltered,2025-11-04T08:36:58Z
AMS-HEL (Economy),AMS-HEL,Economy,4,20,395.79,19.79,2025-11-27 to 2025-12-05,SkyTeam,unfiltered,2025-11-04T08:36:58Z
AMS-HEL (Economy),AMS-HEL,Economy,4,20,395.79,19.79,2025-11-27 to 2025-12-05,SkyTeam,unfiltered,2025-11-04T08:36:58Z
AMS-HEL (Economy),AMS-HEL,Economy,4,20,397.1,19.86,2025-11-24 to 2025-12-05,SkyTeam,unfiltered,2025-11-04T08:36:28Z
AMS-HEL (Economy),AMS-HEL,Economy,4,20,397.1,19.86,2025-11-27 to 2025-12-05,SkyTeam,unfiltered,2025-11-04T08:36:58Z
AMS-HEL (Economy),AMS-HEL,Economy,4,20,397.1,19.86,2025-11-27 to 2025-12-05,SkyTeam,unfiltered,2025-11-04T08:36:58Z
AMS-HEL (Economy),AMS-HEL,Economy,4,20,397.1,19.86,2025-11-27 to 2025-12-05,SkyTeam,unfiltered,2025-11-04T08:36:58Z
DUS-HEL (Economy),DUS-HEL,Economy,4,20,397.75,19.89,2025-11-24 to 2025-12-05,SkyTeam,unfiltered,2025-11-04T08:38:43Z
DUS-HEL (Economy),DUS-HEL,Economy,4,20,397.75,19.89,2025-11-24 to 2025-12-05,SkyTeam,unfiltered,2025-11-04T08:38:43Z
AMS-HEL (Economy),AMS-HEL,Economy,3,15,311.56,20.77,2025-11-25 to 2025-12-05,SkyTeam,unfiltered,2025-11-04T08:36:38Z
AMS-HEL (Economy),AMS-HEL,Economy,3,15,311.56,20.77,2025-11-25 to 2025-12-05,SkyTeam,unfiltered,2025-11-04T08:36:38Z
AMS-HEL (Economy),AMS-HEL,Economy,3,15,311.56,20.77,2025-11-25 to 2025-12-05,SkyTeam,unfiltered,2025-11-04T08:36:38Z
AMS-HEL (Economy),AMS-HEL,Economy,3,15,311.56,20.77,2025-11-25 to 2025-12-05,SkyTeam,unfiltered,2025-11-04T08:36:38Z
AMS-HEL (Economy),AMS-HEL,Economy,3,15,311.56,20.77,2025-11-26 to 2025-12-05,SkyTeam,unfiltered,2025-11-04T08:36:48Z
AMS-HEL (Economy),AMS-HEL,Economy,3,15,311.56,20.77,2025-11-26 to 2025-12-05,SkyTeam,unfiltered,2025-11-04T08:36:48Z
AMS-HEL (Economy),AMS-HEL,Economy,3,15,311.56,20.77,2025-11-26 to 2025-12-05,SkyTeam,unfiltered,2025-11-04T08:36:48Z
AMS-HEL (Economy),AMS-HEL,Economy,3,15,311.56,20.77,2025-11-26 to 2025-12-05,SkyTeam,unfiltered,2025-11-04T08:36:48Z
AMS-HEL (Economy),AMS-HEL,Economy,3,15,311.56,20.77,2025-11-26 to 2025-12-05,SkyTeam,unfiltered,2025-11-04T08:36:48Z
AMS-HEL (Economy),AMS-HEL,Economy,3,15,311.56,20.77,2025-11-26 to 2025-12-05,SkyTeam,unfiltered,2025-11-04T08:36:48Z
AMS-HEL (Economy),AMS-HEL,Economy,4,20,415.79,20.79,2025-11-24 to 2025-12-05,SkyTeam,unfiltered,2025-11-04T08:36:28Z
AMS-HEL (Economy),AMS-HEL,Economy,4,20,415.79,20.79,2025-11-28 to 2025-12-05,SkyTeam,unfiltered,2025-11-04T08:37:10Z
AMS-HEL (Economy),AMS-HEL,Economy,3,15,320.56,21.37,2025-11-25 to 2025-12-05,SkyTeam,unfiltered,2025-11-04T08:36:38Z
AMS-HEL (Economy),AMS-HEL,Economy,3,15,320.56,21.37,2025-11-26 to 2025-12-05,SkyTeam,unfiltered,2025-11-04T08:36:48Z
AMS-HEL (Economy),AMS-HEL,Economy,3,15,320.56,21.37,2025-11-26 to 2025-12-05,SkyTeam,unfiltered,2025-11-04T08:36:48Z
AMS-HEL (Economy),AMS-HEL,Economy,3,15,320.56,21.37,2025-11-27 to 2025-12-05,SkyTeam,unfiltered,2025-11-04T08:36:58Z
AMS-HEL (Economy),AMS-HEL,Economy,3,15,320.56,21.37,2025-11-27 to 2025-12-05,SkyTeam,unfiltered,2025-11-04T08:36:58Z
AMS-HEL (Economy),AMS-HEL,Economy,3,15,320.56,21.37,2025-11-27 to 2025-12-05,SkyTeam,unfiltered,2025-11-04T08:36:58Z
AMS-HEL (Economy),AMS-HEL,Economy,3,15,320.56,21.37,2025-11-28 to 2025-12-05,SkyTeam,unfiltered,2025-11-04T08:37:10Z
DUS-TKU (Economy),DUS-TKU,Economy,6,30,651.19,21.71,2025-11-25 to 2025-12-05,SkyTeam,unfiltered,2025-11-04T08:39:44Z
AMS-HEL (Economy),AMS-HEL,Economy,3,15,329.56,21.97,2025-11-24 to 2025-12-05,SkyTeam,unfiltered,2025-11-04T08:36:28Z
AMS-HEL (Economy),AMS-HEL,Economy,3,15,329.56,21.97,2025-11-24 to 2025-12-05,SkyTeam,unfiltered,2025-11-04T08:36:28Z
AMS-HEL (Economy),AMS-HEL,Economy,3,15,329.56,21.97,2025-11-27 to 2025-12-05,SkyTeam,unfiltered,2025-11-04T08:36:58Z
AMS-HEL (Economy),AMS-HEL,Economy,3,15,329.56,21.97,2025-11-27 to 2025-12-05,SkyTeam,unfiltered,2025-11-04T08:36:58Z
AMS-HEL (Economy),AMS-HEL,Economy,3,15,329.56,21.97,2025-11-27 to 2025-12-05,SkyTeam,unfiltered,2025-11-04T08:36:58Z
AMS-HEL (Economy),AMS-HEL,Economy,3,15,329.56,21.97,2025-11-27 to 2025-12-05,SkyTeam,unfiltered,2025-11-04T08:36:58Z
AMS-HEL (Economy),AMS-HEL,Economy,3,15,329.56,21.97,2025-11-27 to 2025-12-05,SkyTeam,unfiltered,2025-11-04T08:36:58Z
AMS-HEL (Economy),AMS-HEL,Economy,3,15,329.56,21.97,2025-11-27 to 2025-12-05,SkyTeam,unfiltered,2025-11-04T08:36:58Z
AMS-HEL (Economy),AMS-HEL,Economy,3,15,332.56,22.17,2025-11-24 to 2025-12-05,SkyTeam,unfiltered,2025-11-04T08:36:28Z
AMS-HEL (Economy),AMS-HEL,Economy,3,15,332.56,22.17,2025-11-25 to 2025-12-05,SkyTeam,unfiltered,2025-11-04T08:36:38Z
AMS-HEL (Economy),AMS-HEL,Economy,3,15,332.56,22.17,2025-11-25 to 2025-12-05,SkyTeam,unfiltered,2025-11-04T08:36:38Z
AMS-HEL (Economy),AMS-HEL,Economy,3,15,332.56,22.17,2025-11-26 to 2025-12-05,SkyTeam,unfiltered,2025-11-04T08:36:48Z
AMS-HEL (Economy),AMS-HEL,Economy,3,15,332.56,22.17,2025-11-26 to 2025-12-05,SkyTeam,unfiltered,2025-11-04T08:36:48Z
AMS-HEL (Economy),AMS-HEL,Economy,3,15,332.56,22.17,2025-11-26 to 2025-12-05,SkyTeam,unfiltered,2025-11-04T08:36:48Z
AMS-HEL (Economy),AMS-HEL,Economy,3,15,332.56,22.17,2025-11-28 to 2025-12-05,SkyTeam,unfiltered,2025-11-04T08:37:10Z
DUS-TKU (Economy),DUS-TKU,Economy,6,30,672.19,22.41,2025-11-25 to 2025-12-05,SkyTeam,unfiltered,2025-11-04T08:39:44Z
DUS-TKU (Economy),DUS-TKU,Economy,6,30,673.19,22.44,2025-11-25 to 2025-12-05,SkyTeam,unfiltered,2025-11-04T08:39:44Z
DUS-TKU (Economy),DUS-TKU,Economy,6,30,677.19,22.57,2025-11-25 to 2025-12-05,SkyTeam,unfiltered,2025-11-04T08:39:44Z
AMS-HEL (Economy),AMS-HEL,Economy,3,15,347.56,23.17,2025-11-25 to 2025-12-05,SkyTeam,unfiltered,2025-11-04T08:36:38Z
AMS-HEL (Economy),AMS-HEL,Economy,3,15,347.56,23.17,2025-11-25 to 2025-12-05,SkyTeam,unfiltered,2025-11-04T08:36:38Z
AMS-HEL (Economy),AMS-HEL,Economy,3,15,347.56,23.17,2025-11-26 to 2025-12-05,SkyTeam,unfiltered,2025-11-04T08:36:48Z
AMS-HEL (Economy),AMS-HEL,Economy,3,15,347.56,23.17,2025-11-28 to 2025-12-05,SkyTeam,unfiltered,2025-11-04T08:37:10Z
AMS-HEL (Economy),AMS-HEL,Economy,3,15,349.56,23.3,2025-11-24 to 2025-12-05,SkyTeam,unfiltered,2025-11-04T08:36:28Z
AMS-HEL (Economy),AMS-HEL,Economy,3,15,349.56,23.3,2025-11-24 to 2025-12-05,SkyTeam,unfiltered,2025-11-04T08:36:28Z
AMS-HEL (Economy),AMS-HEL,Economy,3,15,349.56,23.3,2025-11-24 to 2025-12-05,SkyTeam,unfiltered,2025-11-04T08:36:28Z
AMS-HEL (Economy),AMS-HEL,Economy,3,15,349.56,23.3,2025-11-24 to 2025-12-05,SkyTeam,unfiltered,2025-11-04T08:36:28Z
AMS-HEL (Economy),AMS-HEL,Economy,3,15,349.56,23.3,2025-11-25 to 2025-12-05,SkyTeam,unfiltered,2025-11-04T08:36:38Z
AMS-HEL (Economy),AMS-HEL,Economy,3,15,349.56,23.3,2025-11-25 to 2025-12-05,SkyTeam,unfiltered,2025-11-04T08:36:38Z
AMS-HEL (Economy),AMS-HEL,Economy,3,15,349.56,23.3,2025-11-28 to 2025-12-05,SkyTeam,unfiltered,2025-11-04T08:37:10Z
AMS-HEL (Economy),AMS-HEL,Economy,3,15,349.56,23.3,2025-11-28 to 2025-12-05,SkyTeam,unfiltered,2025-11-04T08:37:10Z
AMS-HEL (Economy),AMS-HEL,Economy,3,15,349.56,23.3,2025-11-28 to 2025-12-05,SkyTeam,unfiltered,2025-11-04T08:37:10Z
AMS-HEL (Economy),AMS-HEL,Economy,3,15,349.56,23.3,2025-11-28 to 2025-12-05,SkyTeam,unfiltered,2025-11-04T08:37:10Z
AMS-HEL (Economy),AMS-HEL,Economy,3,15,350.56,23.37,2025-11-24 to 2025-12-05,SkyTeam,unfiltered,2025-11-04T08:36:28Z
AMS-HEL (Economy),AMS-HEL,Economy,3,15,350.56,23.37,2025-11-27 to 2025-12-05,SkyTeam,unfiltered,2025-11-04T08:36:58Z
AMS-HEL (Economy),AMS-HEL,Economy,3,15,350.56,23.37,2025-11-27 to 2025-12-05,SkyTeam,unfiltered,2025-11-04T08:36:58Z
AMS-HEL (Economy),AMS-HEL,Economy,3,15,350.56,23.37,2025-11-27 to 2025-12-05,SkyTeam,unfiltered,2025-11-04T08:36:58Z
AMS-HEL (Economy),AMS-HEL,Economy,3,15,358.56,23.9,2025-11-25 to 2025-12-05,SkyTeam,unfiltered,2025-11-04T08:36:38Z
AMS-HEL (Economy),AMS-HEL,Economy,3,15,358.56,23.9,2025-11-26 to 2025-12-05,SkyTeam,unfiltered,2025-11-04T08:36:48Z
AMS-HEL (Economy),AMS-HEL,Economy,3,15,358.56,23.9,2025-11-26 to 2025-12-05,SkyTeam,unfiltered,2025-11-04T08:36:48Z
AMS-HEL (Economy),AMS-HEL,Economy,3,15,358.56,23.9,2025-11-27 to 2025-12-05,SkyTeam,unfiltered,2025-11-04T08:36:58Z
AMS-HEL (Economy),AMS-HEL,Economy,3,15,358.56,23.9,2025-11-27 to 2025-12-05,SkyTeam,unfiltered,2025-11-04T08:36:58Z
AMS-HEL (Economy),AMS-HEL,Economy,3,15,358.56,23.9,2025-11-27 to 2025-12-05,SkyTeam,unfiltered,2025-11-04T08:36:58Z
AMS-HEL (Economy),AMS-HEL,Economy,3,15,358.56,23.9,2025-11-28 to 2025-12-05,SkyTeam,unfiltered,2025-11-04T08:37:10Z
AMS-HEL (Economy),AMS-HEL,Economy,3,15,359.87,23.99,2025-11-25 to 2025-12-05,SkyTeam,unfiltered,2025-11-04T08:36:38Z
AMS-HEL (Economy),AMS-HEL,Economy,3,15,359.87,23.99,2025-11-26 to 2025-12-05,SkyTeam,unfiltered,2025-11-04T08:36:48Z
AMS-HEL (Economy),AMS-HEL,Economy,3,15,359.87,23.99,2025-11-26 to 2025-12-05,SkyTeam,unfiltered,2025-11-04T08:36:48Z
AMS-HEL (Economy),AMS-HEL,Economy,3,15,359.87,23.99,2025-11-27 to 2025-12-05,SkyTeam,unfiltered,2025-11-04T08:36:58Z
AMS-HEL (Economy),AMS-HEL,Economy,3,15,359.87,23.99,2025-11-27 to 2025-12-05,SkyTeam,unfiltered,2025-11-04T08:36:58Z
AMS-HEL (Economy),AMS-HEL,Economy,3,15,359.87,23.99,2025-11-27 to 2025-12-05,SkyTeam,unfiltered,2025-11-04T08:36:58Z
AMS-HEL (Economy),AMS-HEL,Economy,3,15,359.87,23.99,2025-11-28 to 2025-12-05,SkyTeam,unfiltered,2025-11-04T08:37:10Z
AMS-HEL (Economy),AMS-HEL,Economy,3,15,367.56,24.5,2025-11-24 to 2025-12-05,SkyTeam,unfiltered,2025-11-04T08:36:28Z
AMS-HEL (Economy),AMS-HEL,Economy,3,15,370.56,24.7,2025-11-24 to 2025-12-05,SkyTeam,unfiltered,2025-11-04T08:36:28Z
AMS-HEL (Economy),AMS-HEL,Economy,3,15,370.56,24.7,2025-11-24 to 2025-12-05,SkyTeam,unfiltered,2025-11-04T08:36:28Z
AMS-HEL (Economy),AMS-HEL,Economy,3,15,370.56,24.7,2025-11-24 to 2025-12-05,SkyTeam,unfiltered,2025-11-04T08:36:28Z
AMS-HEL (Economy),AMS-HEL,Economy,3,15,370.56,24.7,2025-11-25 to 2025-12-05,SkyTeam,unfiltered,2025-11-04T08:36:38Z
AMS-HEL (Economy),AMS-HEL,Economy,3,15,370.56,24.7,2025-11-28 to 2025-12-05,SkyTeam,unfiltered,2025-11-04T08:37:10Z
AMS-HEL (Economy),AMS-HEL,Economy,3,15,370.56,24.7,2025-11-28 to 2025-12-05,SkyTeam,unfiltered,2025-11-04T08:37:10Z
AMS-HEL (Economy),AMS-HEL,Economy,3,15,370.56,24.7,2025-11-28 to 2025-12-05,SkyTeam,unfiltered,2025-11-04T08:37:10Z
AMS-HEL (Economy),AMS-HEL,Economy,3,15,371.87,24.79,2025-11-24 to 2025-12-05,SkyTeam,unfiltered,2025-11-04T08:36:28Z
AMS-HEL (Economy),AMS-HEL,Economy,3,15,371.87,24.79,2025-11-28 to 2025-12-05,SkyTeam,unfiltered,2025-11-04T08:37:10Z
AMS-HEL (Economy),AMS-HEL,Economy,3,15,385.56,25.7,2025-11-25 to 2025-12-05,SkyTeam,unfiltered,2025-11-04T08:36:38Z
AMS-HEL (Economy),AMS-HEL,Economy,3,15,385.56,25.7,2025-11-25 to 2025-12-05,SkyTeam,unfiltered,2025-11-04T08:36:38Z
AMS-HEL (Economy),AMS-HEL,Economy,3,15,385.56,25.7,2025-11-26 to 2025-12-05,SkyTeam,unfiltered,2025-11-04T08:36:48Z
AMS-HEL (Economy),AMS-HEL,Economy,3,15,385.56,25.7,2025-11-28 to 2025-12-05,SkyTeam,unfiltered,2025-11-04T08:37:10Z
AMS-HEL (Economy),AMS-HEL,Economy,3,15,386.87,25.79,2025-11-25 to 2025-12-05,SkyTeam,unfiltered,2025-11-04T08:36:38Z
AMS-HEL (Economy),AMS-HEL,Economy,3,15,386.87,25.79,2025-11-25 to 2025-12-05,SkyTeam,unfiltered,2025-11-04T08:36:38Z
AMS-HEL (Economy),AMS-HEL,Economy,3,15,386.87,25.79,2025-11-26 to 2025-12-05,SkyTeam,unfiltered,2025-11-04T08:36:48Z
AMS-HEL (Economy),AMS-HEL,Economy,3,15,386.87,25.79,2025-11-28 to 2025-12-05,SkyTeam,unfiltered,2025-11-04T08:37:10Z
DUS-TKU (Economy),DUS-TKU,Economy,6,30,781.19,26.04,2025-11-25 to 2025-12-05,SkyTeam,unfiltered,2025-11-04T08:39:44Z
AMS-HEL (Economy),AMS-HEL,Economy,3,15,390.56,26.04,2025-11-24 to 2025-12-05,SkyTeam,unfiltered,2025-11-04T08:36:28Z
AMS-HEL (Economy),AMS-HEL,Economy,3,15,390.55,26.04,2025-11-28 to 2025-12-05,SkyTeam,unfiltered,2025-11-04T08:37:10Z
AMS-HEL (Economy),AMS-HEL,Economy,3,15,390.55,26.04,2025-11-28 to 2025-12-05,SkyTeam,unfiltered,2025-11-04T08:37:10Z
DUS-TKU (Economy),DUS-TKU,Economy,6,30,785.19,26.17,2025-11-25 to 2025-12-05,SkyTeam,unfiltered,2025-11-04T08:39:44Z
AMS-HEL (Economy),AMS-HEL,Economy,3,15,399.55,26.64,2025-11-25 to 2025-12-05,SkyTeam,unfiltered,2025-11-04T08:36:38Z
AMS-HEL (Economy),AMS-HEL,Economy,3,15,399.55,26.64,2025-11-25 to 2025-12-05,SkyTeam,unfiltered,2025-11-04T08:36:38Z
AMS-HEL (Economy),AMS-HEL,Economy,3,15,399.55,26.64,2025-11-26 to 2025-12-05,SkyTeam,unfiltered,2025-11-04T08:36:48Z
AMS-HEL (Economy),AMS-HEL,Economy,3,15,399.55,26.64,2025-11-26 to 2025-12-05,SkyTeam,unfiltered,2025-11-04T08:36:48Z
AMS-HEL (Economy),AMS-HEL,Economy,3,15,399.55,26.64,2025-11-26 to 2025-12-05,SkyTeam,unfiltered,2025-11-04T08:36:48Z
AMS-HEL (Economy),AMS-HEL,Economy,3,15,399.55,26.64,2025-11-26 to 2025-12-05,SkyTeam,unfiltered,2025-11-04T08:36:48Z
AMS-HEL (Economy),AMS-HEL,Economy,3,15,399.55,26.64,2025-11-27 to 2025-12-05,SkyTeam,unfiltered,2025-11-04T08:36:58Z
AMS-HEL (Economy),AMS-HEL,Economy,3,15,399.55,26.64,2025-11-27 to 2025-12-05,SkyTeam,unfiltered,2025-11-04T08:36:58Z
AMS-HEL (Economy),AMS-HEL,Economy,3,15,399.55,26.64,2025-11-27 to 2025-12-05,SkyTeam,unfiltered,2025-11-04T08:36:58Z
AMS-HEL (Economy),AMS-HEL,Economy,3,15,399.55,26.64,2025-11-27 to 2025-12-05,SkyTeam,unfiltered,2025-11-04T08:36:58Z
AMS-HEL (Economy),AMS-HEL,Economy,3,15,399.55,26.64,2025-11-27 to 2025-12-05,SkyTeam,unfiltered,2025-11-04T08:36:58Z
AMS-HEL (Economy),AMS-HEL,Economy,3,15,399.55,26.64,2025-11-27 to 2025-12-05,SkyTeam,unfiltered,2025-11-04T08:36:58Z
AMS-HEL (Economy),AMS-HEL,Economy,3,15,399.55,26.64,2025-11-28 to 2025-12-05,SkyTeam,unfiltered,2025-11-04T08:37:10Z
AMS-HEL (Economy),AMS-HEL,Economy,3,15,399.55,26.64,2025-11-28 to 2025-12-05,SkyTeam,unfiltered,2025-11-04T08:37:10Z
AMS-HEL (Economy),AMS-HEL,Economy,3,15,405.56,27.04,2025-11-24 to 2025-12-05,SkyTeam,unfiltered,2025-11-04T08:36:28Z
AMS-HEL (Economy),AMS-HEL,Economy,3,15,406.87,27.12,2025-11-24 to 2025-12-05,SkyTeam,unfiltered,2025-11-04T08:36:28Z
AMS-HEL (Economy),AMS-HEL,Economy,3,15,411.55,27.44,2025-11-24 to 2025-12-05,SkyTeam,unfiltered,2025-11-04T08:36:28Z
AMS-HEL (Economy),AMS-HEL,Economy,3,15,411.55,27.44,2025-11-24 to 2025-12-05,SkyTeam,unfiltered,2025-11-04T08:36:28Z
AMS-HEL (Economy),AMS-HEL,Economy,3,15,411.55,27.44,2025-11-28 to 2025-12-05,SkyTeam,unfiltered,2025-11-04T08:37:10Z
AMS-HEL (Economy),AMS-HEL,Economy,3,15,411.55,27.44,2025-11-28 to 2025-12-05,SkyTeam,unfiltered,2025-11-04T08:37:10Z
AMS-HEL (Economy),AMS-HEL,Economy,3,15,411.55,27.44,2025-11-28 to 2025-12-05,SkyTeam,unfiltered,2025-11-04T08:37:10Z
AMS-HEL (Economy),AMS-HEL,Economy,2,10,292.33,29.23,2025-11-25 to 2025-12-05,SkyTeam,unfiltered,2025-11-04T08:36:38Z
AMS-HEL (Economy),AMS-HEL,Economy,2,10,292.33,29.23,2025-11-25 to 2025-12-05,SkyTeam,unfiltered,2025-11-04T08:36:38Z
AMS-HEL (Economy),AMS-HEL,Economy,2,10,292.33,29.23,2025-11-26 to 2025-12-05,SkyTeam,unfiltered,2025-11-04T08:36:48Z
AMS-HEL (Economy),AMS-HEL,Economy,2,10,292.33,29.23,2025-11-26 to 2025-12-05,SkyTeam,unfiltered,2025-11-04T08:36:48Z
AMS-HEL (Economy),AMS-HEL,Economy,2,10,292.33,29.23,2025-11-26 to 2025-12-05,SkyTeam,unfiltered,2025-11-04T08:36:48Z
AMS-HEL (Economy),AMS-HEL,Economy,2,10,292.33,29.23,2025-11-26 to 2025-12-05,SkyTeam,unfiltered,2025-11-04T08:36:48Z
AMS-HEL (Economy),AMS-HEL,Economy,2,10,292.33,29.23,2025-11-27 to 2025-12-05,SkyTeam,unfiltered,2025-11-04T08:36:58Z
AMS-HEL (Economy),AMS-HEL,Economy,2,10,292.33,29.23,2025-11-27 to 2025-12-05,SkyTeam,unfiltered,2025-11-04T08:36:58Z
AMS-HEL (Economy),AMS-HEL,Economy,2,10,292.33,29.23,2025-11-27 to 2025-12-05,SkyTeam,unfiltered,2025-11-04T08:36:58Z
AMS-HEL (Economy),AMS-HEL,Economy,2,10,292.33,29.23,2025-11-27 to 2025-12-05,SkyTeam,unfiltered,2025-11-04T08:36:58Z
AMS-HEL (Economy),AMS-HEL,Economy,2,10,292.33,29.23,2025-11-27 to 2025-12-05,SkyTeam,unfiltered,2025-11-04T08:36:58Z
AMS-HEL (Economy),AMS-HEL,Economy,2,10,292.33,29.23,2025-11-27 to 2025-12-05,SkyTeam,unfiltered,2025-11-04T08:36:58Z
AMS-HEL (Economy),AMS-HEL,Economy,2,10,292.33,29.23,2025-11-28 to 2025-12-05,SkyTeam,unfiltered,2025-11-04T08:37:10Z
AMS-HEL (Economy),AMS-HEL,Economy,2,10,292.33,29.23,2025-11-28 to 2025-12-05,SkyTeam,unfiltered,2025-11-04T08:37:10Z
AMS-HEL (Economy),AMS-HEL,Economy,2,10,304.33,30.43,2025-11-24 to 2025-12-05,SkyTeam,unfiltered,2025-11-04T08:36:28Z
AMS-HEL (Economy),AMS-HEL,Economy,2,10,304.33,30.43,2025-11-24 to 2025-12-05,SkyTeam,unfiltered,2025-11-04T08:36:28Z
AMS-HEL (Economy),AMS-HEL,Economy,2,10,304.33,30.43,2025-11-28 to 2025-12-05,SkyTeam,unfiltered,2025-11-04T08:37:10Z
AMS-HEL (Economy),AMS-HEL,Economy,2,10,304.33,30.43,2025-11-28 to 2025-12-05,SkyTeam,unfiltered,2025-11-04T08:37:10Z
AMS-HEL (Economy),AMS-HEL,Economy,2,10,313.33,31.33,2025-11-25 to 2025-12-05,SkyTeam,unfiltered,2025-11-04T08:36:38Z
AMS-HEL (Economy),AMS-HEL,Economy,2,10,313.33,31.33,2025-11-26 to 2025-12-05,SkyTeam,unfiltered,2025-11-04T08:36:48Z
AMS-HEL (Economy),AMS-HEL,Economy,2,10,313.33,31.33,2025-11-26 to 2025-12-05,SkyTeam,unfiltered,2025-11-04T08:36:48Z
AMS-HEL (Economy),AMS-HEL,Economy,2,10,313.33,31.33,2025-11-27 to 2025-12-05,SkyTeam,unfiltered,2025-11-04T08:36:58Z
AMS-HEL (Economy),AMS-HEL,Economy,2,10,313.33,31.33,2025-11-27 to 2025-12-05,SkyTeam,unfiltered,2025-11-04T08:36:58Z
AMS-HEL (Economy),AMS-HEL,Economy,2,10,313.33,31.33,2025-11-27 to 2025-12-05,SkyTeam,unfiltered,2025-11-04T08:36:58Z
AMS-HEL (Economy),AMS-HEL,Economy,2,10,313.33,31.33,2025-11-28 to 2025-12-05,SkyTeam,unfiltered,2025-11-04T08:37:10Z
DUS-HEL (Economy),DUS-HEL,Economy,4,20,634.25,31.71,2025-11-26 to 2025-12-05,SkyTeam,unfiltered,2025-11-04T08:38:54Z
DUS-HEL (Economy),DUS-HEL,Economy,4,20,634.25,31.71,2025-11-26 to 2025-12-05,SkyTeam,unfiltered,2025-11-04T08:38:54Z
DUS-HEL (Economy),DUS-HEL,Economy,4,20,634.25,31.71,2025-11-28 to 2025-12-05,SkyTeam,unfiltered,2025-11-04T08:39:11Z
DUS-HEL (Economy),DUS-HEL,Economy,4,20,634.25,31.71,2025-11-28 to 2025-12-05,SkyTeam,unfiltered,2025-11-04T08:39:11Z
AMS-HEL (Economy),AMS-HEL,Economy,2,10,319.33,31.93,2025-11-25 to 2025-12-05,SkyTeam,unfiltered,2025-11-04T08:36:38Z
AMS-HEL (Economy),AMS-HEL,Economy,2,10,319.33,31.93,2025-11-25 to 2025-12-05,SkyTeam,unfiltered,2025-11-04T08:36:38Z
AMS-HEL (Economy),AMS-HEL,Economy,2,10,319.33,31.93,2025-11-25 to 2025-12-05,SkyTeam,unfiltered,2025-11-04T08:36:38Z
AMS-HEL (Economy),AMS-HEL,Economy,2,10,319.33,31.93,2025-11-25 to 2025-12-05,SkyTeam,unfiltered,2025-11-04T08:36:38Z
AMS-HEL (Economy),AMS-HEL,Economy,2,10,319.33,31.93,2025-11-26 to 2025-12-05,SkyTeam,unfiltered,2025-11-04T08:36:48Z
AMS-HEL (Economy),AMS-HEL,Economy,2,10,319.33,31.93,2025-11-26 to 2025-12-05,SkyTeam,unfiltered,2025-11-04T08:36:48Z
AMS-HEL (Economy),AMS-HEL,Economy,2,10,319.33,31.93,2025-11-28 to 2025-12-05,SkyTeam,unfiltered,2025-11-04T08:37:10Z
AMS-HEL (Economy),AMS-HEL,Economy,2,10,319.33,31.93,2025-11-28 to 2025-12-05,SkyTeam,unfiltered,2025-11-04T08:37:10Z
AMS-HEL (Economy),AMS-HEL,Economy,2,10,325.33,32.53,2025-11-24 to 2025-12-05,SkyTeam,unfiltered,2025-11-04T08:36:28Z
AMS-HEL (Economy),AMS-HEL,Economy,2,10,325.33,32.53,2025-11-28 to 2025-12-05,SkyTeam,unfiltered,2025-11-04T08:37:10Z
DUS-HEL (Economy),DUS-HEL,Economy,4,20,651.25,32.56,2025-11-26 to 2025-12-05,SkyTeam,unfiltered,2025-11-04T08:38:54Z
DUS-HEL (Economy),DUS-HEL,Economy,4,20,651.25,32.56,2025-11-26 to 2025-12-05,SkyTeam,unfiltered,2025-11-04T08:38:54Z
DUS-HEL (Economy),DUS-HEL,Economy,4,20,651.25,32.56,2025-11-26 to 2025-12-05,SkyTeam,unfiltered,2025-11-04T08:38:54Z
DUS-HEL (Economy),DUS-HEL,Economy,4,20,651.25,32.56,2025-11-26 to 2025-12-05,SkyTeam,unfiltered,2025-11-04T08:38:54Z
DUS-HEL (Economy),DUS-HEL,Economy,4,20,651.25,32.56,2025-11-26 to 2025-12-05,SkyTeam,unfiltered,2025-11-04T08:38:54Z
DUS-HEL (Economy),DUS-HEL,Economy,4,20,651.25,32.56,2025-11-26 to 2025-12-05,SkyTeam,unfiltered,2025-11-04T08:38:54Z
DUS-HEL (Economy),DUS-HEL,Economy,4,20,651.25,32.56,2025-11-26 to 2025-12-05,SkyTeam,unfiltered,2025-11-04T08:38:54Z
DUS-HEL (Economy),DUS-HEL,Economy,4,20,651.25,32.56,2025-11-28 to 2025-12-05,SkyTeam,unfiltered,2025-11-04T08:39:11Z
DUS-HEL (Economy),DUS-HEL,Economy,4,20,651.25,32.56,2025-11-28 to 2025-12-05,SkyTeam,unfiltered,2025-11-04T08:39:11Z
DUS-HEL (Economy),DUS-HEL,Economy,4,20,670.25,33.51,2025-11-28 to 2025-12-05,SkyTeam,unfiltered,2025-11-04T08:39:11Z
DUS-HEL (Economy),DUS-HEL,Economy,4,20,670.25,33.51,2025-11-28 to 2025-12-05,SkyTeam,unfiltered,2025-11-04T08:39:11Z
DUS-HEL (Economy),DUS-HEL,Economy,4,20,670.25,33.51,2025-11-28 to 2025-12-05,SkyTeam,unfiltered,2025-11-04T08:39:11Z
DUS-HEL (Economy),DUS-HEL,Economy,4,20,670.25,33.51,2025-11-28 to 2025-12-05,SkyTeam,unfiltered,2025-11-04T08:39:11Z
DUS-HEL (Economy),DUS-HEL,Economy,4,20,670.25,33.51,2025-11-28 to 2025-12-05,SkyTeam,unfiltered,2025-11-04T08:39:11Z
DUS-HEL (Economy),DUS-HEL,Economy,4,20,670.25,33.51,2025-11-28 to 2025-12-05,SkyTeam,unfiltered,2025-11-04T08:39:11Z
DUS-HEL (Economy),DUS-HEL,Economy,4,20,670.25,33.51,2025-11-28 to 2025-12-05,SkyTeam,unfiltered,2025-11-04T08:39:11Z
DUS-HEL (Economy),DUS-HEL,Economy,4,20,670.25,33.51,2025-11-28 to 2025-12-05,SkyTeam,unfiltered,2025-11-04T08:39:11Z
DUS-HEL (Economy),DUS-HEL,Economy,4,20,670.25,33.51,2025-11-28 to 2025-12-05,SkyTeam,unfiltered,2025-11-04T08:39:11Z
AMS-HEL (Economy),AMS-HEL,Economy,2,10,339.33,33.93,2025-11-24 to 2025-12-05,SkyTeam,unfiltered,2025-11-04T08:36:28Z
AMS-HEL (Economy),AMS-HEL,Economy,2,10,339.33,33.93,2025-11-24 to 2025-12-05,SkyTeam,unfiltered,2025-11-04T08:36:28Z
AMS-HEL (Economy),AMS-HEL,Economy,2,10,340.33,34.03,2025-11-25 to 2025-12-05,SkyTeam,unfiltered,2025-11-04T08:36:38Z
AMS-HEL (Economy),AMS-HEL,Economy,2,10,340.33,34.03,2025-11-25 to 2025-12-05,SkyTeam,unfiltered,2025-11-04T08:36:38Z
AMS-HEL (Economy),AMS-HEL,Economy,2,10,340.33,34.03,2025-11-26 to 2025-12-05,SkyTeam,unfiltered,2025-11-04T08:36:48Z
AMS-HEL (Economy),AMS-HEL,Economy,2,10,340.33,34.03,2025-11-28 to 2025-12-05,SkyTeam,unfiltered,2025-11-04T08:37:10Z
DUS-HEL (Economy),DUS-HEL,Economy,4,20,687.25,34.36,2025-11-25 to 2025-12-05,SkyTeam,unfiltered,2025-11-04T08:38:45Z
DUS-HEL (Economy),DUS-HEL,Economy,4,20,687.25,34.36,2025-11-25 to 2025-12-05,SkyTeam,unfiltered,2025-11-04T08:38:45Z
DUS-HEL (Economy),DUS-HEL,Economy,4,20,687.25,34.36,2025-11-25 to 2025-12-05,SkyTeam,unfiltered,2025-11-04T08:38:45Z
DUS-HEL (Economy),DUS-HEL,Economy,4,20,687.25,34.36,2025-11-25 to 2025-12-05,SkyTeam,unfiltered,2025-11-04T08:38:45Z
DUS-HEL (Economy),DUS-HEL,Economy,4,20,687.25,34.36,2025-11-25 to 2025-12-05,SkyTeam,unfiltered,2025-11-04T08:38:45Z
DUS-HEL (Economy),DUS-HEL,Economy,4,20,687.25,34.36,2025-11-25 to 2025-12-05,SkyTeam,unfiltered,2025-11-04T08:38:45Z
DUS-HEL (Economy),DUS-HEL,Economy,4,20,687.25,34.36,2025-11-25 to 2025-12-05,SkyTeam,unfiltered,2025-11-04T08:38:45Z
DUS-HEL (Economy),DUS-HEL,Economy,4,20,687.25,34.36,2025-11-25 to 2025-12-05,SkyTeam,unfiltered,2025-11-04T08:38:45Z
DUS-HEL (Economy),DUS-HEL,Economy,4,20,687.25,34.36,2025-11-25 to 2025-12-05,SkyTeam,unfiltered,2025-11-04T08:38:45Z
DUS-HEL (Economy),DUS-HEL,Economy,4,20,687.25,34.36,2025-11-25 to 2025-12-05,SkyTeam,unfiltered,2025-11-04T08:38:45Z
DUS-HEL (Economy),DUS-HEL,Economy,4,20,687.25,34.36,2025-11-25 to 2025-12-05,SkyTeam,unfiltered,2025-11-04T08:38:45Z
DUS-HEL (Economy),DUS-HEL,Economy,4,20,712.25,35.61,2025-11-24 to 2025-12-05,SkyTeam,unfiltered,2025-11-04T08:38:36Z
DUS-HEL (Economy),DUS-HEL,Economy,4,20,712.25,35.61,2025-11-24 to 2025-12-05,SkyTeam,unfiltered,2025-11-04T08:38:36Z
DUS-HEL (Economy),DUS-HEL,Economy,4,20,712.25,35.61,2025-11-24 to 2025-12-05,SkyTeam,unfiltered,2025-11-04T08:38:36Z
DUS-HEL (Economy),DUS-HEL,Economy,4,20,712.25,35.61,2025-11-27 to 2025-12-05,SkyTeam,unfiltered,2025-11-04T08:39:03Z
AMS-HEL (Economy),AMS-HEL,Economy,2,10,360.33,36.03,2025-11-24 to 2025-12-05,SkyTeam,unfiltered,2025-11-04T08:36:28Z
AMS-HEL (Economy),AMS-HEL,Economy,2,10,362.33,36.23,2025-11-24 to 2025-12-05,SkyTeam,unfiltered,2025-11-04T08:36:28Z
AMS-HEL (Economy),AMS-HEL,Economy,2,10,362.33,36.23,2025-11-24 to 2025-12-05,SkyTeam,unfiltered,2025-11-04T08:36:28Z
DUS-HEL (Economy),DUS-HEL,Economy,4,20,729.25,36.46,2025-11-25 to 2025-12-05,SkyTeam,unfiltered,2025-11-04T08:38:45Z
DUS-HEL (Economy),DUS-HEL,Economy,4,20,729.25,36.46,2025-11-25 to 2025-12-05,SkyTeam,unfiltered,2025-11-04T08:38:45Z
DUS-HEL (Economy),DUS-HEL,Economy,4,20,729.25,36.46,2025-11-25 to 2025-12-05,SkyTeam,unfiltered,2025-11-04T08:38:45Z
DUS-HEL (Economy),DUS-HEL,Economy,4,20,729.25,36.46,2025-11-25 to 2025-12-05,SkyTeam,unfiltered,2025-11-04T08:38:45Z
DUS-HEL (Economy),DUS-HEL,Economy,4,20,729.25,36.46,2025-11-25 to 2025-12-05,SkyTeam,unfiltered,2025-11-04T08:38:45Z
DUS-HEL (Economy),DUS-HEL,Economy,4,20,729.25,36.46,2025-11-25 to 2025-12-05,SkyTeam,unfiltered,2025-11-04T08:38:45Z
DUS-HEL (Economy),DUS-HEL,Economy,4,20,729.25,36.46,2025-11-26 to 2025-12-05,SkyTeam,unfiltered,2025-11-04T08:38:54Z
DUS-HEL (Economy),DUS-HEL,Economy,4,20,729.25,36.46,2025-11-26 to 2025-12-05,SkyTeam,unfiltered,2025-11-04T08:38:54Z
DUS-HEL (Economy),DUS-HEL,Economy,4,20,729.25,36.46,2025-11-26 to 2025-12-05,SkyTeam,unfiltered,2025-11-04T08:38:54Z
DUS-HEL (Economy),DUS-HEL,Economy,4,20,729.25,36.46,2025-11-26 to 2025-12-05,SkyTeam,unfiltered,2025-11-04T08:38:54Z
DUS-HEL (Economy),DUS-HEL,Economy,4,20,729.25,36.46,2025-11-26 to 2025-12-05,SkyTeam,unfiltered,2025-11-04T08:38:54Z
DUS-HEL (Economy),DUS-HEL,Economy,4,20,729.25,36.46,2025-11-26 to 2025-12-05,SkyTeam,unfiltered,2025-11-04T08:38:54Z
DUS-HEL (Economy),DUS-HEL,Economy,4,20,729.25,36.46,2025-11-27 to 2025-12-05,SkyTeam,unfiltered,2025-11-04T08:39:03Z
DUS-HEL (Economy),DUS-HEL,Economy,4,20,729.25,36.46,2025-11-27 to 2025-12-05,SkyTeam,unfiltered,2025-11-04T08:39:03Z
DUS-HEL (Economy),DUS-HEL,Economy,4,20,729.25,36.46,2025-11-27 to 2025-12-05,SkyTeam,unfiltered,2025-11-04T08:39:03Z
DUS-HEL (Economy),DUS-HEL,Economy,4,20,729.25,36.46,2025-11-28 to 2025-12-05,SkyTeam,unfiltered,2025-11-04T08:39:11Z
DUS-HEL (Economy),DUS-HEL,Economy,4,20,729.25,36.46,2025-11-28 to 2025-12-05,SkyTeam,unfiltered,2025-11-04T08:39:11Z
DUS-HEL (Economy),DUS-HEL,Economy,4,20,729.25,36.46,2025-11-28 to 2025-12-05,SkyTeam,unfiltered,2025-11-04T08:39:11Z
DUS-HEL (Economy),DUS-HEL,Economy,4,20,748.25,37.41,2025-11-27 to 2025-12-05,SkyTeam,unfiltered,2025-11-04T08:39:03Z
DUS-HEL (Economy),DUS-HEL,Economy,4,20,748.25,37.41,2025-11-27 to 2025-12-05,SkyTeam,unfiltered,2025-11-04T08:39:03Z
DUS-HEL (Economy),DUS-HEL,Economy,4,20,748.25,37.41,2025-11-27 to 2025-12-05,SkyTeam,unfiltered,2025-11-04T08:39:03Z
DUS-HEL (Economy),DUS-HEL,Economy,4,20,748.25,37.41,2025-11-28 to 2025-12-05,SkyTeam,unfiltered,2025-11-04T08:39:11Z
DUS-HEL (Economy),DUS-HEL,Economy,4,20,748.25,37.41,2025-11-28 to 2025-12-05,SkyTeam,unfiltered,2025-11-04T08:39:11Z
DUS-HEL (Economy),DUS-HEL,Economy,4,20,748.25,37.41,2025-11-28 to 2025-12-05,SkyTeam,unfiltered,2025-11-04T08:39:11Z
AMS-HEL (Economy),AMS-HEL,Economy,2,10,383.33,38.33,2025-11-24 to 2025-12-05,SkyTeam,unfiltered,2025-11-04T08:36:28Z
DUS-HEL (Economy),DUS-HEL,Economy,4,20,768.25,38.41,2025-11-27 to 2025-12-05,SkyTeam,unfiltered,2025-11-04T08:39:03Z
DUS-HEL (Economy),DUS-HEL,Economy,4,20,768.25,38.41,2025-11-27 to 2025-12-05,SkyTeam,unfiltered,2025-11-04T08:39:03Z
DUS-HEL (Economy),DUS-HEL,Economy,4,20,768.25,38.41,2025-11-27 to 2025-12-05,SkyTeam,unfiltered,2025-11-04T08:39:03Z
DUS-HEL (Economy),DUS-HEL,Economy,4,20,790.25,39.51,2025-11-24 to 2025-12-05,SkyTeam,unfiltered,2025-11-04T08:38:36Z
DUS-HEL (Economy),DUS-HEL,Economy,4,20,790.25,39.51,2025-11-24 to 2025-12-05,SkyTeam,unfiltered,2025-11-04T08:38:36Z
DUS-HEL (Economy),DUS-HEL,Economy,4,20,790.25,39.51,2025-11-24 to 2025-12-05,SkyTeam,unfiltered,2025-11-04T08:38:36Z
DUS-HEL (Economy),DUS-HEL,Economy,4,20,790.25,39.51,2025-11-27 to 2025-12-05,SkyTeam,unfiltered,2025-11-04T08:39:03Z
DUS-HEL (Economy),DUS-HEL,Economy,4,20,790.25,39.51,2025-11-27 to 2025-12-05,SkyTeam,unfiltered,2025-11-04T08:39:03Z
DUS-HEL (Economy),DUS-HEL,Economy,4,20,790.25,39.51,2025-11-27 to 2025-12-05,SkyTeam,unfiltered,2025-11-04T08:39:03Z
AMS-HEL (Economy),AMS-HEL,Economy,4,20,817.29,40.86,2025-11-24 to 2025-12-05,SkyTeam,unfiltered,2025-11-04T08:36:21Z
AMS-HEL (Economy),AMS-HEL,Economy,4,20,817.29,40.86,2025-11-24 to 2025-12-05,SkyTeam,unfiltered,2025-11-04T08:36:21Z
AMS-HEL (Economy),AMS-HEL,Economy,4,20,817.29,40.86,2025-11-24 to 2025-12-05,SkyTeam,unfiltered,2025-11-04T08:36:21Z
AMS-HEL (Economy),AMS-HEL,Economy,4,20,817.29,40.86,2025-11-24 to 2025-12-05,SkyTeam,unfiltered,2025-11-04T08:36:21Z
AMS-HEL (Economy),AMS-HEL,Economy,4,20,817.29,40.86,2025-11-24 to 2025-12-05,SkyTeam,unfiltered,2025-11-04T08:36:21Z
AMS-HEL (Economy),AMS-HEL,Economy,4,20,817.29,40.86,2025-11-24 to 2025-12-05,SkyTeam,unfiltered,2025-11-04T08:36:21Z
AMS-HEL (Economy),AMS-HEL,Economy,4,20,817.29,40.86,2025-11-25 to 2025-12-05,SkyTeam,unfiltered,2025-11-04T08:36:31Z
AMS-HEL (Economy),AMS-HEL,Economy,4,20,817.29,40.86,2025-11-25 to 2025-12-05,SkyTeam,unfiltered,2025-11-04T08:36:31Z
AMS-HEL (Economy),AMS-HEL,Economy,4,20,817.29,40.86,2025-11-25 to 2025-12-05,SkyTeam,unfiltered,2025-11-04T08:36:31Z
AMS-HEL (Economy),AMS-HEL,Economy,4,20,817.29,40.86,2025-11-25 to 2025-12-05,SkyTeam,unfiltered,2025-11-04T08:36:31Z
AMS-HEL (Economy),AMS-HEL,Economy,4,20,817.29,40.86,2025-11-25 to 2025-12-05,SkyTeam,unfiltered,2025-11-04T08:36:31Z
AMS-HEL (Economy),AMS-HEL,Economy,4,20,817.29,40.86,2025-11-25 to 2025-12-05,SkyTeam,unfiltered,2025-11-04T08:36:31Z
AMS-HEL (Economy),AMS-HEL,Economy,4,20,817.29,40.86,2025-11-26 to 2025-12-05,SkyTeam,unfiltered,2025-11-04T08:36:41Z
AMS-HEL (Economy),AMS-HEL,Economy,4,20,817.29,40.86,2025-11-26 to 2025-12-05,SkyTeam,unfiltered,2025-11-04T08:36:41Z
AMS-HEL (Economy),AMS-HEL,Economy,4,20,817.29,40.86,2025-11-26 to 2025-12-05,SkyTeam,unfiltered,2025-11-04T08:36:41Z
AMS-HEL (Economy),AMS-HEL,Economy,4,20,817.29,40.86,2025-11-26 to 2025-12-05,SkyTeam,unfiltered,2025-11-04T08:36:41Z
AMS-HEL (Economy),AMS-HEL,Economy,4,20,817.29,40.86,2025-11-26 to 2025-12-05,SkyTeam,unfiltered,2025-11-04T08:36:41Z
AMS-HEL (Economy),AMS-HEL,Economy,4,20,817.29,40.86,2025-11-26 to 2025-12-05,SkyTeam,unfiltered,2025-11-04T08:36:41Z
AMS-HEL (Economy),AMS-HEL,Economy,4,20,817.6,40.88,2025-11-24 to 2025-12-05,SkyTeam,unfiltered,2025-11-04T08:36:21Z
AMS-HEL (Economy),AMS-HEL,Economy,4,20,817.6,40.88,2025-11-24 to 2025-12-05,SkyTeam,unfiltered,2025-11-04T08:36:21Z
AMS-HEL (Economy),AMS-HEL,Economy,4,20,817.6,40.88,2025-11-24 to 2025-12-05,SkyTeam,unfiltered,2025-11-04T08:36:21Z
AMS-HEL (Economy),AMS-HEL,Economy,4,20,817.6,40.88,2025-11-25 to 2025-12-05,SkyTeam,unfiltered,2025-11-04T08:36:31Z
AMS-HEL (Economy),AMS-HEL,Economy,4,20,817.6,40.88,2025-11-25 to 2025-12-05,SkyTeam,unfiltered,2025-11-04T08:36:31Z
AMS-HEL (Economy),AMS-HEL,Economy,4,20,817.6,40.88,2025-11-25 to 2025-12-05,SkyTeam,unfiltered,2025-11-04T08:36:31Z
AMS-HEL (Economy),AMS-HEL,Economy,4,20,817.6,40.88,2025-11-26 to 2025-12-05,SkyTeam,unfiltered,2025-11-04T08:36:41Z
AMS-HEL (Economy),AMS-HEL,Economy,4,20,817.6,40.88,2025-11-26 to 2025-12-05,SkyTeam,unfiltered,2025-11-04T08:36:41Z
AMS-HEL (Economy),AMS-HEL,Economy,4,20,817.6,40.88,2025-11-26 to 2025-12-05,SkyTeam,unfiltered,2025-11-04T08:36:41Z
AMS-HEL (Economy),AMS-HEL,Economy,4,20,818.63,40.93,2025-11-28 to 2025-12-05,SkyTeam,unfiltered,2025-11-04T08:37:04Z
DUS-HEL (Economy),DUS-HEL,Economy,4,20,821.25,41.06,2025-11-28 to 2025-12-05,SkyTeam,unfiltered,2025-11-04T08:39:11Z
DUS-HEL (Economy),DUS-HEL,Economy,4,20,821.25,41.06,2025-11-28 to 2025-12-05,SkyTeam,unfiltered,2025-11-04T08:39:11Z
DUS-HEL (Economy),DUS-HEL,Economy,4,20,821.25,41.06,2025-11-28 to 2025-12-05,SkyTeam,unfiltered,2025-11-04T08:39:11Z
DUS-HEL (Economy),DUS-HEL,Economy,4,20,851.25,42.56,2025-11-24 to 2025-12-05,SkyTeam,unfiltered,2025-11-04T08:38:36Z
DUS-HEL (Economy),DUS-HEL,Economy,4,20,851.25,42.56,2025-11-24 to 2025-12-05,SkyTeam,unfiltered,2025-11-04T08:38:36Z
DUS-HEL (Economy),DUS-HEL,Economy,4,20,851.25,42.56,2025-11-24 to 2025-12-05,SkyTeam,unfiltered,2025-11-04T08:38:36Z
AMS-HEL (Economy),AMS-HEL,Economy,3,15,738.06,49.2,2025-11-24 to 2025-12-05,SkyTeam,unfiltered,2025-11-04T08:36:21Z
AMS-HEL (Economy),AMS-HEL,Economy,3,15,738.06,49.2,2025-11-24 to 2025-12-05,SkyTeam,unfiltered,2025-11-04T08:36:21Z
AMS-HEL (Economy),AMS-HEL,Economy,3,15,738.06,49.2,2025-11-24 to 2025-12-05,SkyTeam,unfiltered,2025-11-04T08:36:21Z
AMS-HEL (Economy),AMS-HEL,Economy,3,15,738.06,49.2,2025-11-24 to 2025-12-05,SkyTeam,unfiltered,2025-11-04T08:36:21Z
AMS-HEL (Economy),AMS-HEL,Economy,3,15,738.06,49.2,2025-11-24 to 2025-12-05,SkyTeam,unfiltered,2025-11-04T08:36:21Z
AMS-HEL (Economy),AMS-HEL,Economy,3,15,738.06,49.2,2025-11-24 to 2025-12-05,SkyTeam,unfiltered,2025-11-04T08:36:21Z
AMS-HEL (Economy),AMS-HEL,Economy,3,15,738.06,49.2,2025-11-24 to 2025-12-05,SkyTeam,unfiltered,2025-11-04T08:36:21Z
AMS-HEL (Economy),AMS-HEL,Economy,3,15,738.06,49.2,2025-11-24 to 2025-12-05,SkyTeam,unfiltered,2025-11-04T08:36:21Z
AMS-HEL (Economy),AMS-HEL,Economy,3,15,738.06,49.2,2025-11-24 to 2025-12-05,SkyTeam,unfiltered,2025-11-04T08:36:21Z
AMS-HEL (Economy),AMS-HEL,Economy,3,15,738.06,49.2,2025-11-24 to 2025-12-05,SkyTeam,unfiltered,2025-11-04T08:36:21Z
AMS-HEL (Economy),AMS-HEL,Economy,3,15,738.06,49.2,2025-11-24 to 2025-12-05,SkyTeam,unfiltered,2025-11-04T08:36:21Z
AMS-HEL (Economy),AMS-HEL,Economy,3,15,738.06,49.2,2025-11-24 to 2025-12-05,SkyTeam,unfiltered,2025-11-04T08:36:21Z
AMS-HEL (Economy),AMS-HEL,Economy,3,15,738.06,49.2,2025-11-24 to 2025-12-05,SkyTeam,unfiltered,2025-11-04T08:36:21Z
AMS-HEL (Economy),AMS-HEL,Economy,3,15,738.06,49.2,2025-11-24 to 2025-12-05,SkyTeam,unfiltered,2025-11-04T08:36:21Z
AMS-HEL (Economy),AMS-HEL,Economy,3,15,738.06,49.2,2025-11-24 to 2025-12-05,SkyTeam,unfiltered,2025-11-04T08:36:21Z
AMS-HEL (Economy),AMS-HEL,Economy,3,15,738.06,49.2,2025-11-24 to 2025-12-05,SkyTeam,unfiltered,2025-11-04T08:36:21Z
AMS-HEL (Economy),AMS-HEL,Economy,3,15,738.06,49.2,2025-11-25 to 2025-12-05,SkyTeam,unfiltered,2025-11-04T08:36:31Z
AMS-HEL (Economy),AMS-HEL,Economy,3,15,738.06,49.2,2025-11-25 to 2025-12-05,SkyTeam,unfiltered,2025-11-04T08:36:31Z
AMS-HEL (Economy),AMS-HEL,Economy,3,15,738.06,49.2,2025-11-25 to 2025-12-05,SkyTeam,unfiltered,2025-11-04T08:36:31Z
AMS-HEL (Economy),AMS-HEL,Economy,3,15,738.06,49.2,2025-11-25 to 2025-12-05,SkyTeam,unfiltered,2025-11-04T08:36:31Z
AMS-HEL (Economy),AMS-HEL,Economy,3,15,738.06,49.2,2025-11-25 to 2025-12-05,SkyTeam,unfiltered,2025-11-04T08:36:31Z
AMS-HEL (Economy),AMS-HEL,Economy,3,15,738.06,49.2,2025-11-25 to 2025-12-05,SkyTeam,unfiltered,2025-11-04T08:36:31Z
AMS-HEL (Economy),AMS-HEL,Economy,3,15,738.06,49.2,2025-11-25 to 2025-12-05,SkyTeam,unfiltered,2025-11-04T08:36:31Z
AMS-HEL (Economy),AMS-HEL,Economy,3,15,738.06,49.2,2025-11-25 to 2025-12-05,SkyTeam,unfiltered,2025-11-04T08:36:31Z
AMS-HEL (Economy),AMS-HEL,Economy,3,15,738.06,49.2,2025-11-25 to 2025-12-05,SkyTeam,unfiltered,2025-11-04T08:36:31Z
AMS-HEL (Economy),AMS-HEL,Economy,3,15,738.06,49.2,2025-11-25 to 2025-12-05,SkyTeam,unfiltered,2025-11-04T08:36:31Z
AMS-HEL (Economy),AMS-HEL,Economy,3,15,738.06,49.2,2025-11-25 to 2025-12-05,SkyTeam,unfiltered,2025-11-04T08:36:31Z
AMS-HEL (Economy),AMS-HEL,Economy,3,15,738.06,49.2,2025-11-25 to 2025-12-05,SkyTeam,unfiltered,2025-11-04T08:36:31Z
AMS-HEL (Economy),AMS-HEL,Economy,3,15,738.06,49.2,2025-11-25 to 2025-12-05,SkyTeam,unfiltered,2025-11-04T08:36:31Z
AMS-HEL (Economy),AMS-HEL,Economy,3,15,738.06,49.2,2025-11-25 to 2025-12-05,SkyTeam,unfiltered,2025-11-04T08:36:31Z
AMS-HEL (Economy),AMS-HEL,Economy,3,15,738.06,49.2,2025-11-25 to 2025-12-05,SkyTeam,unfiltered,2025-11-04T08:36:31Z
AMS-HEL (Economy),AMS-HEL,Economy,3,15,738.06,49.2,2025-11-25 to 2025-12-05,SkyTeam,unfiltered,2025-11-04T08:36:31Z
AMS-HEL (Economy),AMS-HEL,Economy,3,15,738.06,49.2,2025-11-25 to 2025-12-05,SkyTeam,unfiltered,2025-11-04T08:36:31Z
AMS-HEL (Economy),AMS-HEL,Economy,3,15,738.06,49.2,2025-11-25 to 2025-12-05,SkyTeam,unfiltered,2025-11-04T08:36:31Z
AMS-HEL (Economy),AMS-HEL,Economy,3,15,738.06,49.2,2025-11-26 to 2025-12-05,SkyTeam,unfiltered,2025-11-04T08:36:41Z
AMS-HEL (Economy),AMS-HEL,Economy,3,15,738.06,49.2,2025-11-26 to 2025-12-05,SkyTeam,unfiltered,2025-11-04T08:36:41Z
AMS-HEL (Economy),AMS-HEL,Economy,3,15,738.06,49.2,2025-11-26 to 2025-12-05,SkyTeam,unfiltered,2025-11-04T08:36:41Z
AMS-HEL (Economy),AMS-HEL,Economy,3,15,738.06,49.2,2025-11-26 to 2025-12-05,SkyTeam,unfiltered,2025-11-04T08:36:41Z
AMS-HEL (Economy),AMS-HEL,Economy,3,15,738.06,49.2,2025-11-26 to 2025-12-05,SkyTeam,unfiltered,2025-11-04T08:36:41Z
AMS-HEL (Economy),AMS-HEL,Economy,3,15,738.06,49.2,2025-11-26 to 2025-12-05,SkyTeam,unfiltered,2025-11-04T08:36:41Z
AMS-HEL (Economy),AMS-HEL,Economy,3,15,738.06,49.2,2025-11-26 to 2025-12-05,SkyTeam,unfiltered,2025-11-04T08:36:41Z
AMS-HEL (Economy),AMS-HEL,Economy,3,15,738.06,49.2,2025-11-26 to 2025-12-05,SkyTeam,unfiltered,2025-11-04T08:36:41Z
AMS-HEL (Economy),AMS-HEL,Economy,3,15,738.06,49.2,2025-11-26 to 2025-12-05,SkyTeam,unfiltered,2025-11-04T08:36:41Z
AMS-HEL (Economy),AMS-HEL,Economy,3,15,738.06,49.2,2025-11-26 to 2025-12-05,SkyTeam,unfiltered,2025-11-04T08:36:41Z
AMS-HEL (Economy),AMS-HEL,Economy,3,15,738.06,49.2,2025-11-26 to 2025-12-05,SkyTeam,unfiltered,2025-11-04T08:36:41Z
AMS-HEL (Economy),AMS-HEL,Economy,3,15,738.06,49.2,2025-11-26 to 2025-12-05,SkyTeam,unfiltered,2025-11-04T08:36:41Z
AMS-HEL (Economy),AMS-HEL,Economy,3,15,738.06,49.2,2025-11-26 to 2025-12-05,SkyTeam,unfiltered,2025-11-04T08:36:41Z
AMS-HEL (Economy),AMS-HEL,Economy,3,15,738.06,49.2,2025-11-26 to 2025-12-05,SkyTeam,unfiltered,2025-11-04T08:36:41Z
AMS-HEL (Economy),AMS-HEL,Economy,3,15,738.06,49.2,2025-11-26 to 2025-12-05,SkyTeam,unfiltered,2025-11-04T08:36:41Z
AMS-HEL (Economy),AMS-HEL,Economy,3,15,738.06,49.2,2025-11-26 to 2025-12-05,SkyTeam,unfiltered,2025-11-04T08:36:41Z
AMS-HEL (Economy),AMS-HEL,Economy,3,15,738.06,49.2,2025-11-26 to 2025-12-05,SkyTeam,unfiltered,2025-11-04T08:36:41Z
AMS-HEL (Economy),AMS-HEL,Economy,3,15,738.06,49.2,2025-11-26 to 2025-12-05,SkyTeam,unfiltered,2025-11-04T08:36:41Z
AMS-HEL (Economy),AMS-HEL,Economy,3,15,738.06,49.2,2025-11-26 to 2025-12-05,SkyTeam,unfiltered,2025-11-04T08:36:41Z
AMS-HEL (Economy),AMS-HEL,Economy,3,15,739.4,49.29,2025-11-24 to 2025-12-05,SkyTeam,unfiltered,2025-11-04T08:36:21Z
AMS-HEL (Economy),AMS-HEL,Economy,3,15,739.4,49.29,2025-11-24 to 2025-12-05,SkyTeam,unfiltered,2025-11-04T08:36:21Z
AMS-HEL (Economy),AMS-HEL,Economy,3,15,739.4,49.29,2025-11-24 to 2025-12-05,SkyTeam,unfiltered,2025-11-04T08:36:21Z
AMS-HEL (Economy),AMS-HEL,Economy,3,15,739.4,49.29,2025-11-25 to 2025-12-05,SkyTeam,unfiltered,2025-11-04T08:36:31Z
AMS-HEL (Economy),AMS-HEL,Economy,3,15,739.4,49.29,2025-11-28 to 2025-12-05,SkyTeam,unfiltered,2025-11-04T08:37:04Z
AMS-HEL (Economy),AMS-HEL,Economy,3,15,739.4,49.29,2025-11-28 to 2025-12-05,SkyTeam,unfiltered,2025-11-04T08:37:04Z
AMS-HEL (Economy),AMS-HEL,Economy,3,15,739.4,49.29,2025-11-28 to 2025-12-05,SkyTeam,unfiltered,2025-11-04T08:37:04Z
AMS-HEL (Economy),AMS-HEL,Economy,3,15,739.4,49.29,2025-11-28 to 2025-12-05,SkyTeam,unfiltered,2025-11-04T08:37:04Z
AMS-HEL (Economy),AMS-HEL,Economy,3,15,753.06,50.2,2025-11-25 to 2025-12-05,SkyTeam,unfiltered,2025-11-04T08:36:31Z
AMS-HEL (Economy),AMS-HEL,Economy,3,15,753.06,50.2,2025-11-25 to 2025-12-05,SkyTeam,unfiltered,2025-11-04T08:36:31Z
AMS-HEL (Economy),AMS-HEL,Economy,3,15,753.06,50.2,2025-11-26 to 2025-12-05,SkyTeam,unfiltered,2025-11-04T08:36:41Z
AMS-HEL (Economy),AMS-HEL,Economy,3,15,753.06,50.2,2025-11-26 to 2025-12-05,SkyTeam,unfiltered,2025-11-04T08:36:41Z
AMS-HEL (Economy),AMS-HEL,Economy,3,15,753.06,50.2,2025-11-28 to 2025-12-05,SkyTeam,unfiltered,2025-11-04T08:37:04Z
AMS-HEL (Economy),AMS-HEL,Economy,3,15,753.06,50.2,2025-11-28 to 2025-12-05,SkyTeam,unfiltered,2025-11-04T08:37:04Z
AMS-HEL (Economy),AMS-HEL,Economy,3,15,753.06,50.2,2025-11-28 to 2025-12-05,SkyTeam,unfiltered,2025-11-04T08:37:04Z
AMS-HEL (Economy),AMS-HEL,Economy,3,15,753.06,50.2,2025-11-28 to 2025-12-05,SkyTeam,unfiltered,2025-11-04T08:37:04Z
AMS-HEL (Economy),AMS-HEL,Economy,3,15,753.06,50.2,2025-11-28 to 2025-12-05,SkyTeam,unfiltered,2025-11-04T08:37:04Z
AMS-HEL (Economy),AMS-HEL,Economy,3,15,753.06,50.2,2025-11-28 to 2025-12-05,SkyTeam,unfiltered,2025-11-04T08:37:04Z
AMS-HEL (Economy),AMS-HEL,Economy,3,15,753.06,50.2,2025-11-28 to 2025-12-05,SkyTeam,unfiltered,2025-11-04T08:37:04Z
AMS-HEL (Economy),AMS-HEL,Economy,3,15,753.37,50.22,2025-11-25 to 2025-12-05,SkyTeam,unfiltered,2025-11-04T08:36:31Z
AMS-HEL (Economy),AMS-HEL,Economy,3,15,753.37,50.22,2025-11-26 to 2025-12-05,SkyTeam,unfiltered,2025-11-04T08:36:41Z
AMS-HEL (Economy),AMS-HEL,Economy,3,15,753.37,50.22,2025-11-28 to 2025-12-05,SkyTeam,unfiltered,2025-11-04T08:37:04Z
AMS-HEL (Economy),AMS-HEL,Economy,3,15,771.06,51.4,2025-11-24 to 2025-12-05,SkyTeam,unfiltered,2025-11-04T08:36:21Z
AMS-HEL (Economy),AMS-HEL,Economy,3,15,771.06,51.4,2025-11-24 to 2025-12-05,SkyTeam,unfiltered,2025-11-04T08:36:21Z
AMS-HEL (Economy),AMS-HEL,Economy,3,15,771.06,51.4,2025-11-24 to 2025-12-05,SkyTeam,unfiltered,2025-11-04T08:36:21Z
AMS-HEL (Economy),AMS-HEL,Economy,3,15,771.06,51.4,2025-11-25 to 2025-12-05,SkyTeam,unfiltered,2025-11-04T08:36:31Z
AMS-HEL (Economy),AMS-HEL,Economy,3,15,771.06,51.4,2025-11-25 to 2025-12-05,SkyTeam,unfiltered,2025-11-04T08:36:31Z
AMS-HEL (Economy),AMS-HEL,Economy,3,15,771.06,51.4,2025-11-25 to 2025-12-05,SkyTeam,unfiltered,2025-11-04T08:36:31Z
AMS-HEL (Economy),AMS-HEL,Economy,3,15,771.06,51.4,2025-11-26 to 2025-12-05,SkyTeam,unfiltered,2025-11-04T08:36:41Z
AMS-HEL (Economy),AMS-HEL,Economy,3,15,771.06,51.4,2025-11-26 to 2025-12-05,SkyTeam,unfiltered,2025-11-04T08:36:41Z
AMS-HEL (Economy),AMS-HEL,Economy,3,15,771.06,51.4,2025-11-26 to 2025-12-05,SkyTeam,unfiltered,2025-11-04T08:36:41Z
AMS-HEL (Economy),AMS-HEL,Economy,3,15,771.06,51.4,2025-11-28 to 2025-12-05,SkyTeam,unfiltered,2025-11-04T08:37:04Z
AMS-HEL (Economy),AMS-HEL,Economy,3,15,771.06,51.4,2025-11-28 to 2025-12-05,SkyTeam,unfiltered,2025-11-04T08:37:04Z
AMS-HEL (Economy),AMS-HEL,Economy,3,15,771.37,51.42,2025-11-28 to 2025-12-05,SkyTeam,unfiltered,2025-11-04T08:37:04Z
DUS-TKU (Economy),DUS-TKU,Economy,6,30,1562.69,52.09,2025-11-25 to 2025-12-05,SkyTeam,unfiltered,2025-11-04T08:39:36Z
DUS-TKU (Economy),DUS-TKU,Economy,6,30,1562.69,52.09,2025-11-28 to 2025-12-05,SkyTeam,unfiltered,2025-11-04T08:40:17Z
AMS-HEL (Economy),AMS-HEL,Economy,3,15,793.06,52.87,2025-11-28 to 2025-12-05,SkyTeam,unfiltered,2025-11-04T08:37:04Z
AMS-HEL (Economy),AMS-HEL,Economy,3,15,793.06,52.87,2025-11-28 to 2025-12-05,SkyTeam,unfiltered,2025-11-04T08:37:04Z
AMS-HEL (Economy),AMS-HEL,Economy,3,15,793.37,52.89,2025-11-28 to 2025-12-05,SkyTeam,unfiltered,2025-11-04T08:37:04Z
AMS-HEL (Economy),AMS-HEL,Economy,3,15,819.06,54.6,2025-11-25 to 2025-12-05,SkyTeam,unfiltered,2025-11-04T08:36:31Z
AMS-HEL (Economy),AMS-HEL,Economy,3,15,819.06,54.6,2025-11-25 to 2025-12-05,SkyTeam,unfiltered,2025-11-04T08:36:31Z
AMS-HEL (Economy),AMS-HEL,Economy,3,15,819.37,54.62,2025-11-25 to 2025-12-05,SkyTeam,unfiltered,2025-11-04T08:36:31Z
DUS-HEL (Economy),DUS-HEL,Economy,4,20,1310.25,65.51,2025-11-25 to 2025-12-05,SkyTeam,unfiltered,2025-11-04T08:38:45Z
DUS-HEL (Economy),DUS-HEL,Economy,4,20,1310.25,65.51,2025-11-25 to 2025-12-05,SkyTeam,unfiltered,2025-11-04T08:38:45Z
DUS-HEL (Economy),DUS-HEL,Economy,4,20,1310.25,65.51,2025-11-25 to 2025-12-05,SkyTeam,unfiltered,2025-11-04T08:38:45Z
AMS-HEL (Economy),AMS-HEL,Economy,2,10,672.83,67.28,2025-11-25 to 2025-12-05,SkyTeam,unfiltered,2025-11-04T08:36:31Z
AMS-HEL (Economy),AMS-HEL,Economy,2,10,672.83,67.28,2025-11-25 to 2025-12-05,SkyTeam,unfiltered,2025-11-04T08:36:31Z
AMS-HEL (Economy),AMS-HEL,Economy,2,10,672.83,67.28,2025-11-26 to 2025-12-05,SkyTeam,unfiltered,2025-11-04T08:36:41Z
AMS-HEL (Economy),AMS-HEL,Economy,2,10,672.83,67.28,2025-11-26 to 2025-12-05,SkyTeam,unfiltered,2025-11-04T08:36:41Z
AMS-HEL (Economy),AMS-HEL,Economy,2,10,672.83,67.28,2025-11-27 to 2025-12-05,SkyTeam,unfiltered,2025-11-04T08:36:53Z
AMS-HEL (Economy),AMS-HEL,Economy,2,10,672.83,67.28,2025-11-27 to 2025-12-05,SkyTeam,unfiltered,2025-11-04T08:36:53Z
AMS-HEL (Economy),AMS-HEL,Economy,2,10,672.83,67.28,2025-11-27 to 2025-12-05,SkyTeam,unfiltered,2025-11-04T08:36:53Z
AMS-HEL (Economy),AMS-HEL,Economy,2,10,672.83,67.28,2025-11-27 to 2025-12-05,SkyTeam,unfiltered,2025-11-04T08:36:53Z
AMS-HEL (Economy),AMS-HEL,Economy,2,10,672.83,67.28,2025-11-28 to 2025-12-05,SkyTeam,unfiltered,2025-11-04T08:37:04Z
AMS-HEL (Economy),AMS-HEL,Economy,2,10,672.83,67.28,2025-11-28 to 2025-12-05,SkyTeam,unfiltered,2025-11-04T08:37:04Z
AMS-HEL (Economy),AMS-HEL,Economy,2,10,691.83,69.18,2025-11-28 to 2025-12-05,SkyTeam,unfiltered,2025-11-04T08:37:04Z
AMS-HEL (Economy),AMS-HEL,Economy,2,10,691.83,69.18,2025-11-28 to 2025-12-05,SkyTeam,unfiltered,2025-11-04T08:37:04Z
AMS-HEL (Economy),AMS-HEL,Economy,2,10,706.83,70.68,2025-11-25 to 2025-12-05,SkyTeam,unfiltered,2025-11-04T08:36:31Z
AMS-HEL (Economy),AMS-HEL,Economy,2,10,706.83,70.68,2025-11-26 to 2025-12-05,SkyTeam,unfiltered,2025-11-04T08:36:41Z
AMS-HEL (Economy),AMS-HEL,Economy,2,10,706.83,70.68,2025-11-27 to 2025-12-05,SkyTeam,unfiltered,2025-11-04T08:36:53Z
AMS-HEL (Economy),AMS-HEL,Economy,2,10,706.83,70.68,2025-11-27 to 2025-12-05,SkyTeam,unfiltered,2025-11-04T08:36:53Z
AMS-HEL (Economy),AMS-HEL,Economy,2,10,706.83,70.68,2025-11-28 to 2025-12-05,SkyTeam,unfiltered,2025-11-04T08:37:04Z
AMS-HEL (Economy),AMS-HEL,Economy,2,10,712.83,71.28,2025-11-28 to 2025-12-05,SkyTeam,unfiltered,2025-11-04T08:37:04Z
AMS-HEL (Economy),AMS-HEL,Economy,2,10,712.83,71.28,2025-11-28 to 2025-12-05,SkyTeam,unfiltered,2025-11-04T08:37:04Z
AMS-HEL (Economy),AMS-HEL,Economy,2,10,724.83,72.48,2025-11-28 to 2025-12-05,SkyTeam,unfiltered,2025-11-04T08:37:04Z
AMS-HEL (Economy),AMS-HEL,Economy,2,10,738.83,73.88,2025-11-24 to 2025-12-05,SkyTeam,unfiltered,2025-11-04T08:36:21Z
AMS-HEL (Economy),AMS-HEL,Economy,2,10,738.83,73.88,2025-11-24 to 2025-12-05,SkyTeam,unfiltered,2025-11-04T08:36:21Z
AMS-HEL (Economy),AMS-HEL,Economy,2,10,738.83,73.88,2025-11-24 to 2025-12-05,SkyTeam,unfiltered,2025-11-04T08:36:21Z
AMS-HEL (Economy),AMS-HEL,Economy,2,10,738.83,73.88,2025-11-24 to 2025-12-05,SkyTeam,unfiltered,2025-11-04T08:36:21Z
AMS-HEL (Economy),AMS-HEL,Economy,2,10,738.83,73.88,2025-11-25 to 2025-12-05,SkyTeam,unfiltered,2025-11-04T08:36:31Z
AMS-HEL (Economy),AMS-HEL,Economy,2,10,738.83,73.88,2025-11-25 to 2025-12-05,SkyTeam,unfiltered,2025-11-04T08:36:31Z
AMS-HEL (Economy),AMS-HEL,Economy,2,10,738.83,73.88,2025-11-26 to 2025-12-05,SkyTeam,unfiltered,2025-11-04T08:36:41Z
AMS-HEL (Economy),AMS-HEL,Economy,2,10,738.83,73.88,2025-11-26 to 2025-12-05,SkyTeam,unfiltered,2025-11-04T08:36:41Z
AMS-HEL (Economy),AMS-HEL,Economy,2,10,738.83,73.88,2025-11-26 to 2025-12-05,SkyTeam,unfiltered,2025-11-04T08:36:41Z
AMS-HEL (Economy),AMS-HEL,Economy,2,10,738.83,73.88,2025-11-26 to 2025-12-05,SkyTeam,unfiltered,2025-11-04T08:36:41Z
AMS-HEL (Economy),AMS-HEL,Economy,2,10,738.83,73.88,2025-11-27 to 2025-12-05,SkyTeam,unfiltered,2025-11-04T08:36:53Z
AMS-HEL (Economy),AMS-HEL,Economy,2,10,738.83,73.88,2025-11-27 to 2025-12-05,SkyTeam,unfiltered,2025-11-04T08:36:53Z
AMS-HEL (Economy),AMS-HEL,Economy,2,10,746.83,74.68,2025-11-28 to 2025-12-05,SkyTeam,unfiltered,2025-11-04T08:37:04Z
AMS-HEL (Economy),AMS-HEL,Economy,2,10,768.83,76.88,2025-11-24 to 2025-12-05,SkyTeam,unfiltered,2025-11-04T08:36:21Z
AMS-HEL (Economy),AMS-HEL,Economy,2,10,768.83,76.88,2025-11-24 to 2025-12-05,SkyTeam,unfiltered,2025-11-04T08:36:21Z
AMS-HEL (Economy),AMS-HEL,Economy,2,10,772.83,77.28,2025-11-24 to 2025-12-05,SkyTeam,unfiltered,2025-11-04T08:36:21Z
AMS-HEL (Economy),AMS-HEL,Economy,2,10,772.83,77.28,2025-11-24 to 2025-12-05,SkyTeam,unfiltered,2025-11-04T08:36:21Z
AMS-HEL (Economy),AMS-HEL,Economy,2,10,772.83,77.28,2025-11-25 to 2025-12-05,SkyTeam,unfiltered,2025-11-04T08:36:31Z
AMS-HEL (Economy),AMS-HEL,Economy,2,10,772.83,77.28,2025-11-26 to 2025-12-05,SkyTeam,unfiltered,2025-11-04T08:36:41Z
AMS-HEL (Economy),AMS-HEL,Economy,2,10,772.83,77.28,2025-11-26 to 2025-12-05,SkyTeam,unfiltered,2025-11-04T08:36:41Z
AMS-HEL (Economy),AMS-HEL,Economy,2,10,772.83,77.28,2025-11-27 to 2025-12-05,SkyTeam,unfiltered,2025-11-04T08:36:53Z
AMS-HEL (Economy),AMS-HEL,Economy,2,10,802.83,80.28,2025-11-24 to 2025-12-05,SkyTeam,unfiltered,2025-11-04T08:36:21Z
